,A,B,C,D
2000-01-01,2.2084169308750403,-1.5572633960818425,0.4928039495974467,1.6826343577656704
2000-01-02,3.437064885193427,-0.046149473234436744,0.7463181548391198,2.470669798095154
2000-01-03,2.439572934939923,0.17132042789681334,0.9022588902975648,3.0327303911986485
2000-01-04,1.8742791940287442,-0.16282934705166907,1.582551769067707,4.370865908822592
2000-01-05,2.3088883169044223,-1.0669557354180743,1.337821457386625,3.4599323797607564
2000-01-06,2.5863185039068464,-1.7004165843281973,2.6379441844815608,4.816828889819115
2000-01-07,3.2046084811852458,-1.6500268922871124,2.354818750716273,2.93928810376158
2000-01-08,3.087855649119759,-0.6960435522954219,2.9868185231571287,4.288982308697376
2000-01-09,2.6778196866058024,0.9712595082424417,3.597076114422194,5.659837135065851
2000-01-10,4.234000888350209,1.1596213345004542,4.01280838015084,3.95466082826474
2000-01-11,5.203582989850444,2.1067181094417715,6.109152873871258,5.22307115610863
2000-01-12,5.544587974111044,1.1667272627827165,4.8084386167648,3.436949224092292
2000-01-13,3.8183055978892133,1.0295556739771807,3.866715095449302,3.9249584460926794
2000-01-14,4.313945383761535,1.0133561704614453,5.500348833848014,3.9557604277838543
2000-01-15,3.786180945464923,0.3341637649166336,4.907688967680816,5.41454838770748
2000-01-16,3.2605096296609775,0.8583265786143985,4.8781570295872045,6.8006109789831175
2000-01-17,2.2503594417688433,0.18807419557772098,5.012948711768506,7.224733785652282
2000-01-18,2.891967329360358,1.9798661039314676,3.6486456294149106,5.867101668216581
2000-01-19,2.0204115787629444,1.406165009820959,3.477110494362957,6.059871036160153
2000-01-20,3.459647525356646,0.08310047633968476,3.548214528586403,4.537516477684111
2000-01-21,3.501385441847201,-0.2056686700400715,3.623041846908796,5.508268939240156
2000-01-22,2.759645475971743,-1.1650934964886375,2.00913735161477,5.482450606295188
2000-01-23,2.1124631284436255,0.7691929623252727,2.2696721676993934,3.7577874968539513
2000-01-24,2.572511474724986,0.5911096448373989,2.524132243561531,4.761134576745949
2000-01-25,2.3534619296838977,0.43180887720438577,1.3615951217523017,6.2250484886144255
2000-01-26,3.717481426977085,1.131857645395236,2.2377626928031136,6.720945895211051
2000-01-27,3.862931090651251,1.650736330361583,1.3132923346924252,5.524704429458508
2000-01-28,1.756488303194121,-0.81176954362868,1.8519296576934114,4.695032044985784
2000-01-29,2.1948777481553936,-0.9163885827917139,-0.21920124086972148,2.9057951749840454
2000-01-30,1.606243742043309,-1.9396540559925741,-1.8762010448965176,2.787262112383883
2000-01-31,0.2264006943573389,-3.8968954650212657,-3.2771303683368886,3.574285624269324
2000-02-01,1.8934351657602728,-4.341300047889379,-2.9390477937177604,3.8247565494300075
2000-02-02,3.1496512037250257,-4.147463904733919,-2.5652047323155176,4.106934212772472
2000-02-03,3.9861344136610493,-2.2351001713882956,-3.402789693241196,4.205022303880929
2000-02-04,3.305253130991173,-5.31952902871334,-3.4239838605083115,3.5540515490325344
2000-02-05,1.819296676716287,-5.709532848127948,-3.01155915352355,5.028616200606614
2000-02-06,1.9970339588120303,-6.613684245627544,-2.8876579519071086,5.025205156459422
2000-02-07,0.6547200856042668,-7.796098424667708,-4.121950053715183,5.539036050983702
2000-02-08,0.3318828281965349,-6.001155365302691,-4.335631922734778,5.565454570073904
2000-02-09,0.7781209482964376,-4.948450793302113,-5.390111538457667,4.314863664569124
2000-02-10,0.39824155995446353,-4.74233945264853,-5.086557857283161,3.323901161563654
2000-02-11,-0.8549116730696458,-4.697308912719908,-6.578116271027995,0.9364665405385266
2000-02-12,-1.9779968333531257,-5.692096797328721,-8.047244003816926,1.7234053312730504
2000-02-13,-2.0652058590883287,-6.634000106030166,-7.922801985669496,2.17202513133217
2000-02-14,-4.523866203615082,-6.411872670762908,-6.191359822105099,1.8248469827589278
2000-02-15,-2.6783320686534458,-8.118439158146604,-6.398822122909959,2.117288926975022
2000-02-16,-1.5465943623998046,-8.243831007733947,-6.2939346697179195,1.9054601206649486
2000-02-17,-1.5585966412118608,-8.36361586429829,-5.265771220441369,0.9818318450955034
2000-02-18,-1.4638746754304057,-8.576835161757867,-4.288824077346552,-0.6854731982941594
2000-02-19,-1.3423545805239498,-8.616863513754053,-3.760602508383813,-0.9644073417467729
2000-02-20,-2.4612421741452692,-7.7511110632813205,-3.484393927920933,-1.4503368452300633
2000-02-21,-1.8394354995492903,-5.485394767890821,-3.331072324438239,-0.7388685157174166
2000-02-22,-1.56177426992132,-5.541641049474019,-4.620240802563118,0.5500047151535437
2000-02-23,-2.1915996029058715,-7.388133652553028,-4.075254680558811,2.360211821280125
2000-02-24,-3.847506443247647,-8.60879172981372,-3.709242321388757,0.4435826193393362
2000-02-25,-3.617016964734729,-7.873805942091349,-4.294530936959886,1.403266776148838
2000-02-26,-3.146226214936909,-8.775070739774037,-4.813265695704625,1.031259055350482
2000-02-27,-2.067620339015711,-8.238571028225739,-3.053222795547436,0.5197881191452763
2000-02-28,-3.085452371189257,-8.17194540540847,-3.6694243161025093,0.6817990171481102
2000-02-29,-4.298145484350492,-8.340843095819945,-3.2576336638669763,0.1991141853265127
2000-03-01,-4.5942339423565715,-7.877182219156632,-3.10718566077156,-0.20298220833468789
2000-03-02,-4.743635181507155,-9.386877786150066,-2.449961007602736,0.13312144527562741
2000-03-03,-4.916482381290901,-8.30656560815404,-3.0270191196740637,0.8728925288005058
2000-03-04,-5.131950817794452,-7.612286127939226,-4.461647141020259,0.5516101722822733
2000-03-05,-4.983165035100483,-6.154628126938996,-5.959113703411354,1.8854744730409325
2000-03-06,-5.924862965038101,-4.952237119229599,-5.653623162651528,3.455597847824901
2000-03-07,-4.47652730119483,-4.462612982004359,-6.339969796448574,3.394158539814075
2000-03-08,-6.150693271565396,-3.8111906702796485,-6.216551146823384,2.2506929702681306
2000-03-09,-5.978905828459602,-4.548611334837131,-5.63860884044621,2.0106755594297088
2000-03-10,-5.481003783925421,-2.9233559578504824,-6.08684235040501,2.4078952088581658
2000-03-11,-4.578060143336374,-3.0434781995610374,-5.214151798541431,1.4340098497363087
2000-03-12,-4.5840466800811575,-2.2687236217409334,-7.045596076598484,0.7395042601882107
2000-03-13,-5.147062122665471,-2.145043509544048,-9.247067308979545,1.525187152059352
2000-03-14,-5.879337633687283,-1.8641818386488342,-9.163141025259536,1.0376581705771395
2000-03-15,-5.807876076174913,-3.929979681624055,-10.298961088287466,0.051573164213686296
2000-03-16,-5.1709360264717,-5.084329619980387,-9.85701686233379,-0.7708911043707064
2000-03-17,-4.6351306150251395,-4.876570463087323,-10.106875396160662,0.058394807818938466
2000-03-18,-4.5430412922845544,-3.7049737922271992,-10.247921168426647,-2.022540910399929
2000-03-19,-4.383307701585444,-2.8017248702577398,-10.20469701888264,-3.296535260250695
2000-03-20,-7.807422271855851,-3.901000756851194,-10.004270889958072,-2.0410084738591334
2000-03-21,-6.918002721143188,-4.085975154595842,-10.159319009099221,-1.1249902694152656
2000-03-22,-7.361709906980445,-4.553018100981597,-11.257784090940696,-0.3127054093078798
2000-03-23,-7.896133530957489,-4.9517364611127945,-11.702766016267692,0.11361970604951277
2000-03-24,-7.3715155727558015,-5.564326760659009,-11.30727674266275,-0.9656008878824678
2000-03-25,-6.878316278597696,-6.480896961133377,-11.727551323273667,-0.7505526556740871
2000-03-26,-7.369320600170676,-6.122481419342511,-10.76820614397713,0.32643423544084293
2000-03-27,-7.041369722499602,-6.165110419419435,-10.887552604961265,-1.2225418718991565
2000-03-28,-6.105887480029926,-5.33601438253021,-11.603580161055971,-1.2773611813332226
2000-03-29,-6.80899383401331,-5.383933593392777,-10.872633719264014,-1.1265420150271508
2000-03-30,-6.020667189434947,-6.10633587937311,-10.339999937886033,-1.5434265217797192
2000-03-31,-7.60069184742214,-4.979564440521424,-12.880859677183992,-0.7420744232168982
2000-04-01,-7.482106244699755,-3.225960162486701,-11.649557718555082,-1.8605397543606137
2000-04-02,-8.044053611194336,-2.132468432740603,-10.8410169909063,-0.4348971258527343
2000-04-03,-7.873060176488457,-2.8704732568423212,-9.091578721012143,-0.9580587328220166
2000-04-04,-8.008110606680106,-2.734222342392112,-9.08248904823904,-1.6993244983787301
2000-04-05,-8.2999432248291,-2.502321218226685,-9.786984848317717,-2.7839439720564583
2000-04-06,-6.922356235577825,-2.103395504059301,-10.442926932814986,-2.4586616595434467
2000-04-07,-7.3520373820244975,-1.4091352212720425,-11.537044645160186,-3.8172651853408484
2000-04-08,-5.789720036483753,-0.8136753429322167,-11.283300293916852,-4.434968230748035
2000-04-09,-6.76371600946723,-2.776714358699296,-10.216421781565348,-3.8851378018713025
2000-04-10,-7.945598000653353,-2.4145872599789,-9.188553553573396,-2.6950564276980282
2000-04-11,-5.477779761439064,-1.3616874989892287,-7.689811432089017,-3.617842694939541
2000-04-12,-4.711813221927518,-0.25809928592361775,-6.8158889068072925,-4.855220213276485
2000-04-13,-6.10038523635932,-1.6699429335896443,-7.591379101979941,-6.021786747073198
2000-04-14,-6.353126981887775,-1.820614652048324,-6.079414464912187,-5.060616451730401
2000-04-15,-5.665398688128734,-2.1891237219590125,-6.929735074704212,-5.371264040167199
2000-04-16,-5.536098995420532,-1.5169450145303138,-6.083699819435765,-4.34980711427908
2000-04-17,-7.732849500756494,-1.1834556305717305,-7.478577939495621,-4.243059941433108
2000-04-18,-8.240899250685079,-1.3592306032935026,-9.01504714226732,-3.0354283515529046
2000-04-19,-8.229857495328709,-0.3101357053843239,-8.568478475772093,-3.9542466845743833
2000-04-20,-9.123687383940299,-0.8930159293329989,-10.225174655953655,-4.053770223774252
2000-04-21,-10.156255524355426,-1.201987336856991,-10.693728400962746,-3.383047440496424
2000-04-22,-9.759117159799738,-0.15405748990958834,-11.695418178946056,-2.6633202253652226
2000-04-23,-10.253476534766815,-0.7679004856686105,-11.462537248496165,-2.656186814542092
2000-04-24,-10.1796523614846,0.027928045130180545,-10.598529124456963,-2.3190152440000023
2000-04-25,-11.499784997063475,-0.3660185100872988,-9.84372072093359,-3.0089163406096184
2000-04-26,-13.503800173140052,1.0011620742077836,-7.580364711746264,-0.45614636322977953
2000-04-27,-13.722329224260664,0.095185797394852,-7.846734485239007,-1.2059491116001704
2000-04-28,-13.767851991883806,-0.5775737428834564,-8.357565723372124,0.7304088390924202
2000-04-29,-13.570778290714694,-1.4195531271276645,-8.824326276787911,2.7033645367504695
2000-04-30,-12.377170423115789,-2.691549514038544,-6.765036754475504,3.4768039379611317
2000-05-01,-10.291900654506453,-1.670943751171207,-7.317445828227129,3.90679221019708
2000-05-02,-10.869813696583297,-1.0387858477425427,-8.245291120350238,3.4494655765414954
2000-05-03,-12.519414355752158,-2.164611942796583,-8.124282233797846,3.406359003201707
2000-05-04,-12.842929941991686,-2.486389577031282,-8.121759979413943,4.016624366088411
2000-05-05,-12.197006790997126,-3.5274607666697397,-9.12723653096562,4.744371302798516
2000-05-06,-13.369003062738559,-3.1632613105661846,-9.51000154096852,5.581509907594418
2000-05-07,-12.13635894357672,-4.095730200778908,-9.171797515949624,5.4174521899375465
2000-05-08,-11.965767214214765,-3.2924855768261327,-9.355588794243879,5.737815785563199
2000-05-09,-13.820112159645165,-4.7186448375810635,-10.309118278397282,3.0904894248713655
2000-05-10,-13.881975442466063,-7.212575257129707,-11.685899015236274,0.915003091124805
2000-05-11,-13.498123938583955,-7.688012679265318,-11.60536204668398,0.06439545886836473
2000-05-12,-12.953825442674818,-8.2570354162162,-11.790617834576105,-0.3075523652844047
2000-05-13,-12.177386768992719,-8.894414242438735,-12.739875196784192,-0.7167474583838211
2000-05-14,-10.19320872236558,-10.154805721124987,-13.446259329532678,-0.5060690753077077
2000-05-15,-10.909366057636383,-9.43204098136346,-14.507109164197015,0.8237691701893224
2000-05-16,-8.83032821482136,-9.836440067744181,-14.31948312211164,1.509197378960735
2000-05-17,-8.94989836364485,-9.855825332398059,-15.835929334084957,2.7869225800146062
2000-05-18,-9.853282298484288,-10.520063508556374,-13.014804838063466,3.192096582091661
2000-05-19,-8.763197615793336,-10.243414069136344,-12.076822607381377,2.979728617971667
2000-05-20,-10.130595650051683,-10.475343610507972,-12.714618381075402,2.3736941203294926
2000-05-21,-10.34224119756779,-10.517299953412843,-15.297013033048888,1.7639105598333247
2000-05-22,-11.037691378730031,-9.832060875088764,-14.464094775355433,0.7572126799421166
2000-05-23,-9.367603983522317,-10.431145617637338,-14.788780417517353,0.3173449275340253
2000-05-24,-9.712055161189403,-10.456167765998028,-13.609008923498028,0.17032434883310907
2000-05-25,-8.943411369845313,-11.907215712825874,-15.391763334925786,-0.4897816704931589
2000-05-26,-8.212728124934376,-12.52494204986746,-15.485792131525875,-0.04214810146601411
2000-05-27,-8.530532786843702,-12.856224465836117,-15.932982864130349,-0.07720846363700923
2000-05-28,-9.50589022481787,-11.496603719814456,-16.35776200365989,-0.49161500523612595
2000-05-29,-9.52171171869919,-11.126660105772617,-15.970931903829698,0.1361931678119646
2000-05-30,-10.671228503990665,-11.531824663301684,-17.034214125327317,0.07008550408703423
2000-05-31,-11.46837587582043,-12.164205497700719,-17.037640211180435,-0.7951589449129328
2000-06-01,-9.574195723293776,-12.350804053659047,-17.67737760100852,-0.5790687816107034
2000-06-02,-10.472990540075225,-12.923954484449146,-19.105137671892987,-0.6187871320082263
2000-06-03,-10.583437776474254,-13.58406386947084,-20.03199609889547,-1.8298630083344696
2000-06-04,-10.334822807576934,-13.365558499784658,-20.197147762777792,-2.330645611893011
2000-06-05,-11.816544268160815,-13.09337690864617,-21.06572233256521,-2.4873776880868164
2000-06-06,-11.090184928128433,-11.702071863186033,-20.142987001492592,-3.9017513323793622
2000-06-07,-10.790260081584625,-11.136307003589526,-17.924705611759247,-3.036785975300978
2000-06-08,-11.004981126772183,-10.601283498273027,-17.78040136420017,-2.7324304203885577
2000-06-09,-9.837185155505882,-10.459928065938232,-19.246799793728044,-2.9272956581578753
2000-06-10,-10.762366281923724,-9.60197421426149,-19.065347289136177,-2.0070217619556043
2000-06-11,-10.154529024229937,-7.638934829674557,-18.1739425603283,-1.5139313059709976
2000-06-12,-10.77815403458417,-8.33998685737525,-17.7491861398941,-1.639496738950507
2000-06-13,-10.718283990926196,-7.632976056454167,-18.228165089066522,-0.6980769124518204
2000-06-14,-11.015513012998191,-7.3993905034758285,-19.18148919044695,-0.43651581895682784
2000-06-15,-11.347317788276746,-7.104047087129239,-18.571830796222475,-0.29541100778595647
2000-06-16,-11.700055557405333,-4.69929506974076,-18.076532301105292,-0.5857198573914717
2000-06-17,-10.77902471399238,-3.9489315362629602,-17.712498344416026,-1.17523159150679
2000-06-18,-10.376615059321198,-5.765748962455592,-19.843626091830703,-1.7551245771067125
2000-06-19,-10.626990732179953,-6.073410464276161,-20.323114378276937,-1.3311405778122536
2000-06-20,-10.137014879719882,-4.34129093377164,-20.993565698051153,-0.5099772997503619
2000-06-21,-9.276132793523878,-4.262400551030736,-20.42755375019891,0.4028799521504062
2000-06-22,-10.102776417904064,-3.9515276531982653,-19.436247356211,-0.47650210088409717
2000-06-23,-9.51264146950772,-5.6258400537350735,-19.931615033759826,-0.9144026343738278
2000-06-24,-11.48235397301669,-4.05618090718173,-19.60764943632,-2.97714154694083
2000-06-25,-13.9001860336604,-3.276303522714409,-20.43203388019556,-3.9789514740390173
2000-06-26,-13.108080794941333,-4.773603379942126,-20.868180046770853,-4.273643367965932
2000-06-27,-13.44884314469071,-4.403642901713551,-19.765353920775077,-5.484680010779918
2000-06-28,-12.639977015607156,-3.6849606979352076,-19.148742814075753,-5.5307791870117455
2000-06-29,-13.15382022186732,-2.5799654585042164,-19.190201506167224,-5.110590768824583
2000-06-30,-11.578399045316441,-2.1792755247972737,-18.898514046575624,-5.501538043843164
2000-07-01,-12.438955590610925,-1.6788406845363353,-20.213691332950496,-5.101816447706462
2000-07-02,-13.59645703116178,-1.2265788165142075,-19.00018553864172,-5.138202176571699
2000-07-03,-13.651472712901732,-1.5309871641095119,-19.15640135313688,-4.12912019642367
2000-07-04,-13.65806285054229,0.353873457823096,-19.964946210092634,-4.349838272837401
2000-07-05,-13.849454406149384,1.3215556193574731,-19.69475208878079,-4.090578692907429
2000-07-06,-15.742154792438308,0.7864054102238119,-19.246979157566862,-3.5909028834538126
2000-07-07,-13.391191682939738,0.26718134721144715,-17.82291710769316,-4.412110065998241
2000-07-08,-12.956259028896904,0.8679115312236543,-18.68222572310766,-4.139089329040962
2000-07-09,-13.062851732562882,3.275559207741367,-19.320871625688916,-3.012238456537146
2000-07-10,-13.92769550071453,3.423805727597013,-19.587599511955638,-4.16597097645952
2000-07-11,-12.65971146468402,2.8907477863177964,-19.94871831168466,-4.232999069503661
2000-07-12,-13.198877672695192,1.6855427549748219,-19.55730411607687,-2.8006861398243545
2000-07-13,-12.968083059081906,1.3106706683243776,-20.68234589286167,-2.2483147290331353
2000-07-14,-13.64013248603867,0.5539179648258449,-21.153828416743153,-2.2764238276718394
2000-07-15,-13.154437335831494,-0.734258312281535,-19.947610784730635,-1.964895927845058
2000-07-16,-13.079758830422238,-2.899660077230066,-19.612254655386675,-2.1792958893285084
2000-07-17,-14.376445229207157,-2.943372935924205,-20.33976495395337,-1.5386166613148455
2000-07-18,-13.978177983123706,-3.286541768163211,-19.350749950983428,-1.0712117046027458
2000-07-19,-15.255727864582946,-3.81110936161818,-19.175307099921906,-2.348302319663298
2000-07-20,-13.949268353702296,-3.2192891612992085,-19.1727467156694,-2.0423606147126407
2000-07-21,-14.240139819205387,-1.6368096222157533,-18.60381192606009,-1.3633849877952768
2000-07-22,-13.05912083212379,-2.0570532191163813,-19.357881788783192,-2.6625864958690193
2000-07-23,-12.692693291606636,-0.8858918697412983,-19.17592849543125,-4.362046118178762
2000-07-24,-12.430215416872194,-2.078108280473742,-17.773146990481795,-4.174423113146665
2000-07-25,-14.268682550832853,-3.016274499444166,-17.709366671364798,-5.125215389317795
2000-07-26,-14.698243853326296,-2.180601785828354,-16.922351798280168,-6.201714613916814
2000-07-27,-13.991330765709973,-0.5344387744438381,-18.275150545699322,-6.291822069381947
2000-07-28,-13.61135001507052,-1.2974773392728285,-17.71538577140375,-6.295753208831494
2000-07-29,-12.608035810463132,-0.1986611680399808,-17.43852720945085,-6.324836666865189
2000-07-30,-13.053529452162882,-0.8269744994550771,-18.772398814909522,-7.545630617058678
2000-07-31,-12.401564645672465,-1.0857283438383065,-19.710935860843804,-7.327391885393969
2000-08-01,-12.35671473922744,-2.0110199741354298,-20.986972197528427,-7.661956219985263
2000-08-02,-13.914099085717078,-0.8119625168707021,-19.177230622847834,-8.51686502698935
2000-08-03,-13.51197548502195,-2.5657288663182234,-18.68441477243102,-8.553131877893957
2000-08-04,-13.43774891855208,-4.079552162341601,-19.73604173569948,-6.818772100091976
2000-08-05,-14.310200541124203,-5.140716686585481,-19.756345509296317,-6.623597009365245
2000-08-06,-13.78541255895471,-6.596782756023266,-18.17469679130166,-6.803423173652973
2000-08-07,-13.427484719075796,-6.816849503142173,-18.26445191280259,-5.64581244824025
2000-08-08,-13.186078938818135,-7.570792628032586,-17.40822669758321,-6.0590553741241076
2000-08-09,-14.269197288228659,-9.285593031483398,-17.257490704915387,-6.839181879047153
2000-08-10,-14.763464605191217,-9.133144492007162,-17.034658168285283,-7.516146827503804
2000-08-11,-15.358221408096291,-10.541395532647924,-17.23873068736061,-7.592254827703622
2000-08-12,-15.031518672854146,-11.330330458363084,-16.187155495032318,-6.768367578410344
2000-08-13,-14.327207919306124,-10.54381099661432,-17.04159946171603,-5.938429106553642
2000-08-14,-14.436687982913432,-9.800500284321156,-16.146397613280946,-6.9187345142459
2000-08-15,-14.26868083183439,-9.32500148511472,-17.42861913355159,-7.646184605755184
2000-08-16,-13.932057910933194,-8.24122042318744,-16.76406144106481,-7.057953698539083
2000-08-17,-13.448817688988797,-7.552834631767939,-16.059618630157267,-5.194046476200067
2000-08-18,-13.906582781228078,-7.205040523752474,-15.57575811037627,-4.47211190525735
2000-08-19,-15.256103358591927,-7.689316500409324,-17.44684277500416,-4.053046862780056
2000-08-20,-15.61037253678526,-7.133982581661315,-16.51526406533786,-3.2038854356135342
2000-08-21,-15.168052094246535,-7.589712897795375,-17.628120832294407,-1.4068864840212634
2000-08-22,-13.621576965647366,-8.499858514575385,-18.33750444880593,-1.4970426005566548
2000-08-23,-14.176095661836428,-8.88442571069943,-18.580080164023244,-2.77881993725936
2000-08-24,-14.98680278059747,-8.674817116785809,-17.524529661964703,-2.198473623049086
2000-08-25,-15.395584551524209,-8.386229572144094,-17.941063276044837,-1.7022996443684102
2000-08-26,-15.693142759519308,-8.946783021243583,-18.64631552813467,-3.1268138933868843
2000-08-27,-15.46722960921754,-9.468686412427427,-17.861585729666043,-4.371719718828667
2000-08-28,-15.387894599437752,-10.48958449349904,-17.881973167472626,-4.2991597244898365
2000-08-29,-15.06448578069181,-9.101602537048356,-17.877439987583497,-3.5826348183096517
2000-08-30,-14.975094949235544,-10.39441744698124,-19.320126347701585,-2.230960414397493
2000-08-31,-15.96544966675399,-10.54506201577444,-21.017061204801642,-3.5045555553817227
2000-09-01,-16.495506366861527,-10.588996925471013,-19.560272851697587,-3.9256016294650604
2000-09-02,-14.946132324493506,-10.021154949989146,-18.658556928584513,-4.958360803440501
2000-09-03,-16.50440369415028,-8.486121229088633,-18.450375204226276,-2.990232861194375
2000-09-04,-17.22414753207016,-8.411006168721107,-17.53063895246329,-3.017857118803386
2000-09-05,-16.856349229555985,-8.49395161135489,-17.174712619344355,-4.113654057704551
2000-09-06,-16.67367004039948,-7.4528438496058245,-18.416502982150448,-3.3797074548028863
2000-09-07,-17.645764030968778,-7.4557622744722005,-18.484257518903505,-3.9230546671004105
2000-09-08,-17.55707507671329,-7.194920820573467,-18.528367761204745,-4.376875688150898
2000-09-09,-18.24189694351379,-6.348631322376929,-18.752497672271915,-4.972430690089404
2000-09-10,-17.54866788177894,-7.122222230646416,-19.623257150561564,-4.966799159274372
2000-09-11,-19.271268489048392,-7.608864093418113,-20.774995791024836,-6.3529436253291856
2000-09-12,-18.369024039761165,-6.752222130023918,-20.675987773145604,-6.562391517860521
2000-09-13,-19.849370959023865,-6.592931968533057,-22.285460224553884,-6.988210990767568
2000-09-14,-20.205326926072363,-5.903409210413361,-20.330677094764056,-6.616384167486954
2000-09-15,-21.118462912586182,-5.93801777064613,-20.761882555358483,-6.312317378164998
2000-09-16,-23.24411270973152,-7.19137849909389,-20.683215786212237,-7.316198735510839
2000-09-17,-23.279068488122636,-8.990935105479027,-19.770514688397814,-5.105239821398331
2000-09-18,-24.0192938892179,-8.385055235505533,-19.194897507173987,-8.038842971208014
2000-09-19,-23.094094686654348,-7.001473355535372,-19.131241503748278,-8.063871364171193
2000-09-20,-24.268746431281983,-6.732070170209999,-17.73659148781176,-7.656814556590313
2000-09-21,-23.050727287898887,-8.469587989036077,-17.769095674043093,-9.212317166431216
2000-09-22,-23.669221250828944,-6.567042114282597,-16.978847601398535,-9.29969669216908
2000-09-23,-23.64590625117906,-7.578342269390811,-17.0984655573382,-8.951055923275641
2000-09-24,-21.847299580952566,-7.807570172047317,-17.642951002670586,-9.997240575551638
2000-09-25,-21.57582073485617,-7.443073299197357,-17.246952393362925,-8.922030100148053
2000-09-26,-22.045268106709617,-6.14947306776287,-16.892986734776926,-10.632523046838715
2000-09-27,-22.253625867630387,-6.9774969318985764,-17.395597249137094,-8.785680438422487
2000-09-28,-23.407000883080816,-8.150204584659406,-18.214817345757314,-7.189009971089978
2000-09-29,-23.138805780722066,-5.735851941969605,-20.2624278845418,-7.457070537866269
2000-09-30,-22.626066390937662,-4.192047657021088,-21.708886563560153,-7.161422420494415
2000-10-01,-24.529032987066493,-3.9413071143992866,-22.286575498323312,-6.329165178146997
2000-10-02,-23.950670283815818,-2.9729319055504932,-22.630670797154007,-5.756255060554932
2000-10-03,-23.548294638434676,-3.4729625362789824,-22.606634980263287,-5.221478815354392
2000-10-04,-25.196472702807025,-4.801036921798269,-24.219830103255454,-5.949420594310863
2000-10-05,-24.38326825675408,-3.9712352538163085,-24.16468129530536,-6.471523158464411
2000-10-06,-23.91108610680871,-3.3266198408196805,-25.010812386745638,-6.3110425035667355
2000-10-07,-23.49108171157848,-4.080804332515436,-25.290829831881396,-4.722219245155677
2000-10-08,-23.056572778517186,-2.990444391589108,-25.14973095753844,-2.865312785121875
2000-10-09,-21.979173061220067,-3.9292154344665886,-24.798289690050026,-1.2000150878647347
2000-10-10,-22.10528035717105,-6.449317738719655,-25.21892938776723,-1.5015644931698762
2000-10-11,-22.778636619451515,-6.708515845794367,-24.50225161476619,-1.612888091019774
2000-10-12,-21.88592579253679,-9.468428223281691,-25.149104563438456,-1.988210810234906
2000-10-13,-21.056607292930682,-10.720667689866774,-24.59796275521467,-3.4095056479018244
2000-10-14,-21.29100913482513,-9.96716886158556,-25.12913437237726,-4.573143674175963
2000-10-15,-20.60046030930476,-10.010922318320542,-25.950389337433037,-3.0163241378099532
2000-10-16,-19.628440907066807,-11.606921781588479,-25.91059863459787,-2.471237528801071
2000-10-17,-20.769964571948933,-11.767333972381712,-26.795123519376908,-0.9825249841942254
2000-10-18,-23.168621470031848,-12.048936839312196,-26.690518630398348,-1.1865411775470882
2000-10-19,-24.13257205310769,-11.1836513684082,-25.882797379199936,-0.10483602862627417
2000-10-20,-24.54816315945364,-9.384643208678016,-24.822634036694925,1.369346152340008
2000-10-21,-23.434641915261214,-8.97827184063072,-25.288070012538487,1.3530720231522626
2000-10-22,-24.000874023747897,-9.305077225271706,-25.436831542482402,2.168806928153641
2000-10-23,-24.911371199750505,-8.592328871262263,-25.131340345473657,2.4291392421613747
2000-10-24,-24.383837982514457,-9.191862890426904,-25.610569894531807,1.3407072818335288
2000-10-25,-26.27084226525014,-8.15213781388022,-26.143299809267344,1.9504991267844853
2000-10-26,-27.242959640502715,-9.120356784033566,-26.290400588709684,2.396656358650864
2000-10-27,-27.948855001337623,-9.760020634698332,-28.008464476551204,2.6872085576656293
2000-10-28,-27.898331457077813,-8.667870615875563,-28.16370281955559,4.007742755896273
2000-10-29,-30.001488328336865,-8.789167470789149,-28.00687125949915,3.786881332957803
2000-10-30,-30.34919936819296,-8.126883449241006,-28.163867554606483,3.523581690336612
2000-10-31,-31.30026669893984,-9.388513699845296,-29.113474938543575,4.625352634068822
2000-11-01,-30.966144403031926,-8.048796468495313,-30.311323053140516,3.7149827349178013
2000-11-02,-31.07400441197438,-7.575228146990829,-30.94126234480092,2.5073282449731233
2000-11-03,-30.602604129334935,-8.33512025394554,-30.614458030268253,1.1318341239509768
2000-11-04,-28.246767776090643,-8.69542474739984,-30.719698360591284,2.502885515657419
2000-11-05,-29.027472214958888,-9.226679746452412,-31.81769121148587,3.3013792845876218
2000-11-06,-29.619814865687893,-10.132052521763896,-30.312440664990092,2.2064361692637786
2000-11-07,-28.80261476204998,-12.630954341440649,-30.261562220367196,0.16704067809281753
2000-11-08,-28.969323898881527,-13.244367629394281,-31.0133496388488,-0.5565836425664001
2000-11-09,-27.621687795539575,-12.870750621931524,-32.43545282133248,-0.585052059520996
2000-11-10,-28.603541294951228,-13.366076661693116,-32.16586046943848,-1.3440200854059707
2000-11-11,-28.175106544858608,-12.921313757450463,-32.32365928821136,-0.7143303261541016
2000-11-12,-27.361583947889308,-14.284160296858714,-31.090893439781347,-0.9231476367641018
2000-11-13,-27.146397535705848,-14.537540818172848,-30.41879341647086,-0.030527081405293033
2000-11-14,-28.258228402483436,-14.00624001847505,-29.93849789667763,-0.8195493608041184
2000-11-15,-28.182953615943724,-11.960057914677332,-28.017903241202312,-2.7317715047969786
2000-11-16,-27.985630009798793,-12.17984961408692,-27.74778124945955,-2.6585808474936914
2000-11-17,-28.91115440378579,-12.47861905296085,-26.379699543337225,-2.7296354988853055
2000-11-18,-30.300911891433955,-10.845785907578136,-26.514831895251323,-3.430449482018992
2000-11-19,-31.38317012716723,-11.664487156159584,-24.80372222055323,-4.384890858026345
2000-11-20,-30.81384523689805,-10.25257664707813,-25.605973371354686,-3.3236232388378326
2000-11-21,-31.814131606061082,-10.220590240370685,-25.131582173032342,-2.206586057157759
2000-11-22,-34.121887162838796,-10.011956567951954,-24.931524358394594,-1.9639771073121164
2000-11-23,-35.245378790118664,-10.31340810380045,-26.90071107375392,-1.8458831385139107
2000-11-24,-37.27445327238189,-10.084289455046271,-27.474274544599524,-0.8235000352037647
2000-11-25,-37.043445918429235,-10.30609132689294,-26.512795275550022,0.20268963788063954
2000-11-26,-37.19402560665832,-10.310022391145308,-26.996160355332464,1.0521954960943483
2000-11-27,-37.6763514495327,-9.033076041883822,-26.541552751532283,1.1777353304729075
2000-11-28,-39.05043528513419,-8.722874903715757,-26.802681803575897,1.3612746828630353
2000-11-29,-39.74523404261308,-10.205464020910137,-27.102306131057624,0.3398678300878064
2000-11-30,-39.258259384206,-9.811318466920326,-25.615625242181025,0.464137103916152
2000-12-01,-38.27420176236404,-11.106612516821544,-22.8321553754411,-0.5494944033640448
2000-12-02,-35.82808151645316,-10.86688743514447,-21.812698278231,-2.3851228151515955
2000-12-03,-35.708319826119194,-12.028518801655856,-23.440002354880733,-1.9861272935927978
2000-12-04,-36.42229544337444,-13.349162363727512,-22.74515998386211,-1.7572851282114748
2000-12-05,-35.79049496016795,-12.071907656926607,-22.029159407383425,-2.5674768973235094
2000-12-06,-34.733402005874815,-12.36094327426243,-22.787850076018113,-1.1160335430203736
2000-12-07,-33.33834694247748,-11.782566973883915,-21.024637295013775,-0.6342826334346403
2000-12-08,-34.432653155818144,-12.175254557546081,-19.90842575397772,-0.9383462059379442
2000-12-09,-35.14338517895968,-12.149342522486304,-21.35895262845319,-0.5627063502232079
2000-12-10,-35.273091321363275,-14.271496332920922,-21.66544273196147,0.09928652858917009
2000-12-11,-35.74792483218492,-14.385101874505867,-20.49705340549613,-0.6765636026571977
2000-12-12,-35.49741006552518,-12.710324464234944,-21.27359167645399,0.1614583356180237
2000-12-13,-33.63625551305589,-12.283964451524952,-22.08884024868994,0.4581548091203627
2000-12-14,-32.332285653014466,-11.493936638315311,-21.697902941189852,-0.35568563753803323
2000-12-15,-33.70987005114503,-11.948674341090571,-23.104873892871336,0.1986317982515457
2000-12-16,-31.288132945759536,-11.888266444167863,-21.656196527443445,-0.5716369380636392
2000-12-17,-32.391116399173704,-11.68924124862068,-20.441275680934204,-0.651153167572696
2000-12-18,-32.23278688976384,-11.621350968247928,-19.77964067934177,0.07596238162999891
2000-12-19,-33.40432858225894,-11.843767430439533,-19.02848682443522,1.0311898609574195
2000-12-20,-35.32776196606097,-12.412602512711802,-17.09722270454408,-0.3140344071172678
2000-12-21,-35.7270959312378,-13.442776365896986,-19.399012907586602,-0.08016374671949283
2000-12-22,-33.49789637505445,-13.053314872457408,-20.604535848113507,-1.529985714442168
2000-12-23,-31.50352101105953,-12.40201404883674,-20.9364476516042,-1.2881528533430593
2000-12-24,-31.657807727249658,-11.602665178700333,-20.15106584234914,-1.6745254773993268
2000-12-25,-30.886000534859484,-10.792387683187808,-20.141123058266647,-1.0995343951435705
2000-12-26,-30.902757610376536,-9.978093559324934,-22.026042512111196,-1.1569776738052815
2000-12-27,-30.72311176488626,-11.353682943690616,-23.680303409914263,0.3222176767232605
2000-12-28,-31.30370687675556,-10.03434471706746,-23.345258884939007,-0.21461740503187332
2000-12-29,-31.71704020121442,-9.865257759368706,-24.223867190635556,-1.2720918493350721
2000-12-30,-30.32151629199496,-10.605220613816503,-21.956308191626306,0.16976251033318657
2000-12-31,-31.410521042195633,-7.697865918777875,-23.76460908395702,0.6558228628044109
2001-01-01,-31.45191426294318,-7.659690781714863,-22.84695148580976,0.2465246694105262
2001-01-02,-32.661559102199824,-6.90025417413685,-23.162900151287914,1.0067987981465363
2001-01-03,-31.83072954438465,-5.24232970930025,-24.418913766233956,-0.7501889074547996
2001-01-04,-30.54658964173716,-4.950051670778759,-25.550525675253265,-0.884455950731039
2001-01-05,-32.052306166406574,-4.356673404184504,-26.04998905486326,-1.8480282690323462
2001-01-06,-32.55707842478424,-5.327669254800674,-26.362055596048478,-3.3556809507494636
2001-01-07,-32.607831029326206,-5.57923250075108,-27.083940685544245,-2.9950383820692683
2001-01-08,-32.28993797062481,-7.215792198255878,-26.076378586687802,-1.6693411377521998
2001-01-09,-31.666800910046867,-6.964119675385203,-25.723383442207794,-2.865068156468592
2001-01-10,-31.01653146402034,-7.695896412163793,-24.089910279819335,-3.083390634668531
2001-01-11,-32.77942009786211,-6.83151649748715,-24.353417632531986,-5.2600984382038884
2001-01-12,-33.75521239418536,-5.828574833014724,-24.005663693521488,-2.935162229456578
2001-01-13,-32.72112201991966,-5.335083036936625,-23.176452196820847,-3.0086771953574365
2001-01-14,-33.42105909749512,-5.172064000298382,-25.397637271667413,-2.7198557819336724
2001-01-15,-34.5010687088983,-5.074994000131256,-25.142915016008832,-0.8662699874123003
2001-01-16,-33.21452283765292,-4.015342659188619,-24.54010664158263,-1.864827101560663
2001-01-17,-32.177008154591796,-4.153185320048477,-25.43715356796518,-2.5177045267610363
2001-01-18,-32.10824939649855,-5.206055533921893,-24.625952095093357,-1.9424095753182566
2001-01-19,-34.69445697684504,-6.961347349638503,-23.398477506014515,-3.10466637163469
2001-01-20,-35.21321269423891,-6.398371100116633,-23.593217009455916,-4.350790632978278
2001-01-21,-35.3051990932873,-5.269675700486124,-22.965835329960704,-4.251192194469322
2001-01-22,-36.36351961951389,-5.283311491895356,-23.887434715987165,-4.459005673066963
2001-01-23,-37.76995360314089,-4.7750513889054105,-24.447116545500712,-2.240127095271005
2001-01-24,-37.09741049626992,-5.108831011149308,-25.339523160179468,0.04020983206985518
2001-01-25,-37.81163823963718,-6.2595526102227845,-24.587659223934377,-1.8453674635387536
2001-01-26,-36.3493074733814,-6.034795252589542,-23.80737676253837,-2.6702413849806845
2001-01-27,-35.175263609758815,-6.924222751015646,-22.852413723068366,-2.8366725372119155
2001-01-28,-35.434003908881905,-6.9587921679991585,-24.502395029231298,-2.2973563237138386
2001-01-29,-34.59197694389465,-5.875050997658194,-27.115217576041147,-2.430108683687384
2001-01-30,-34.80789623318878,-4.892264032286389,-26.44406672522841,-1.7677706929545969
2001-01-31,-33.67516729368596,-6.642308758461133,-24.293310612687243,-0.9681792407446174
2001-02-01,-35.016615274305224,-5.695404917203802,-22.468748187486923,-1.1630655697024432
2001-02-02,-35.69381772941654,-4.001102935135924,-24.11711636348841,-0.5158078022333327
2001-02-03,-36.45370474573633,-5.2100893918242,-22.573824051214693,0.5294255503713544
2001-02-04,-36.71385044066052,-5.549933782600023,-22.004144601937544,1.922875994484277
2001-02-05,-37.89774476377903,-4.872896049255238,-24.03619002086128,1.5894907086857166
2001-02-06,-38.68841668785068,-3.356392577864492,-21.81540671163309,1.4076816581986558
2001-02-07,-38.19508750149126,-2.510586012887881,-21.07301769129529,0.4239095520697498
2001-02-08,-37.78755364331042,-1.6024607490653615,-21.263245076976176,1.4731931553906221
2001-02-09,-36.932567460574894,-2.460240598831514,-21.84110090150473,0.7058862428526397
2001-02-10,-36.15149417327026,-3.2180850939202137,-21.549894737027586,2.8704710228337444
2001-02-11,-36.10205605863499,-2.6623213599505906,-21.82398937500604,1.7097164297360843
2001-02-12,-35.852192093395615,-2.294305448593957,-22.24957678788904,0.17102909198534522
2001-02-13,-36.055022073907296,-1.9555468008092731,-24.182181078844042,1.0087068760906501
2001-02-14,-35.613873973759134,-2.7799247260835735,-24.28798875543641,0.9920059535064717
2001-02-15,-35.74529973937691,-2.3197549908075494,-25.5484104075881,1.8229621368127327
2001-02-16,-34.74698444006671,-0.8003205049155144,-26.57790274956647,2.299578707048668
2001-02-17,-35.351221406674945,-0.06609172932500262,-26.2871281672825,2.8647761134355867
2001-02-18,-34.22833005447257,-0.74954509041808,-27.280277472074804,2.9262569924806203
2001-02-19,-33.93375593681817,-1.371153131893379,-26.6817992196373,2.247944593885967
2001-02-20,-33.73319697515135,-1.8020111480506256,-28.24880723583458,2.276451524759774
2001-02-21,-32.270646690395836,-2.3429171703449825,-28.042543645492568,3.1127892768238534
2001-02-22,-34.69460356750159,-0.5796299036364456,-28.099103819830493,2.705665236840634
2001-02-23,-33.50747274780979,-1.0712009960752147,-27.597459863138855,0.4853815261674659
2001-02-24,-33.161951069399876,-0.258827761022969,-28.473604216532593,2.3915020327153567
2001-02-25,-34.52531599576406,-1.490581846993801,-26.37524874214331,2.2288208666656635
2001-02-26,-34.6221942084962,-0.44278698527952565,-26.505676069174267,2.1453406482756066
2001-02-27,-34.451719995879465,-0.8543513013528428,-26.728821736175092,3.193200518093991
2001-02-28,-33.53308553244845,-1.87923526836084,-25.926168022319246,2.329258562029331
2001-03-01,-33.46490026708484,-1.8048749595845468,-25.52470212777917,2.2951776386778877
2001-03-02,-33.06824234468913,-1.0440645021960455,-26.815523948541927,2.9899772872962602
2001-03-03,-33.665136292432315,-1.4038201772984302,-26.185651702947336,2.6282063470302446
2001-03-04,-32.79310240395723,-1.5352745454468006,-26.176110879904083,3.3925065991283896
2001-03-05,-31.841054245614362,-1.8766831987642185,-26.127085320355764,3.4255197813951046
2001-03-06,-31.102565814349145,-1.132137325760183,-25.762530949279103,2.856857853975581
2001-03-07,-32.82264573145095,-0.5252923679964072,-26.164740017752656,1.8985835947034184
2001-03-08,-31.881564689365973,-0.7026429076195568,-26.946606017701555,1.5665125653225611
2001-03-09,-30.928940527649438,-0.48271015595759936,-27.390434463106537,1.6072376167828688
2001-03-10,-32.48088156269104,-1.1325422137436698,-26.672685820379563,0.8167973028007698
2001-03-11,-33.762947430010094,-0.678667740379401,-25.96522167938538,0.7431197120825503
2001-03-12,-32.71147333968329,1.0775436793328914,-26.145057087110445,-0.1920755123672313
2001-03-13,-32.064895087836106,0.38868450001959765,-24.482144369790046,-0.7340248462588816
2001-03-14,-32.153073934615584,2.156851475053039,-24.559892799747022,-1.4640004274003215
2001-03-15,-31.245315360061067,1.4625416416128358,-22.930743315175953,-1.8105715764774513
2001-03-16,-31.769713858005655,0.03492298663097615,-22.28881112515027,-1.7436010708486978
2001-03-17,-29.994236447792744,-1.9271742225032007,-23.12468242093994,-1.2513798764478967
2001-03-18,-31.427725171397725,-1.894813716719216,-23.954841051107294,-1.698606822557796
2001-03-19,-31.311751667775553,-0.4208211351010236,-23.65090610908349,-0.05645859585309432
2001-03-20,-30.707882111550724,-1.236409077270499,-23.029392303810965,-0.09545567262448265
2001-03-21,-31.15336802817102,-1.5866480061704036,-23.95731613114284,2.569375025965519
2001-03-22,-32.03296950216847,-1.1810239185278577,-22.07369888534226,3.7590068520818805
2001-03-23,-32.06035837890751,-0.7939413691207529,-22.05233633093345,1.1833665465349905
2001-03-24,-31.270527859570475,0.9557694444332003,-20.942608659695928,0.9529595795700276
2001-03-25,-32.500702784660156,0.23441736345010433,-22.194293537782777,1.280067845404682
2001-03-26,-32.83231318518064,3.3394471083661874,-19.877164418714727,-0.6507699547849028
2001-03-27,-30.736326061942098,3.3560697494346425,-21.299584683521957,-0.4717238045743822
2001-03-28,-29.4066234526256,1.9987660714337772,-20.183642171423994,-1.4575523889345237
2001-03-29,-30.712244586485458,2.19162201944032,-21.37009887592259,-0.8660994480548113
2001-03-30,-30.569925900903293,3.409744859858406,-20.6270492486022,0.3362941244105987
2001-03-31,-31.714165179549504,4.136183675752344,-19.52359619047292,1.7093095356483143
2001-04-01,-32.16150386810684,4.517882131358642,-19.947124242965195,1.7375918615335095
2001-04-02,-30.546273888825503,5.49211664992771,-20.999523127202487,2.357347516703158
2001-04-03,-29.00971043631769,4.562167320716908,-22.266915023418886,3.3891021180456624
2001-04-04,-29.74969263369761,3.380436703317426,-22.661793043639285,4.196647611390727
2001-04-05,-28.205176601626825,4.274068038221112,-24.168585336630148,3.9044214311727297
2001-04-06,-27.59728919313993,6.8425857734823,-25.091551855414888,2.9164920672249077
2001-04-07,-27.304590033613202,7.074798157218643,-25.944455443066243,3.7322893371756445
2001-04-08,-28.36632302053015,5.719962281408623,-26.22775825076139,2.5362690225750404
2001-04-09,-29.64121965813936,6.298550806343201,-26.970086376887785,2.0391077374694855
2001-04-10,-29.306739467465025,5.60398530533402,-27.0905361482153,4.047797461758047
2001-04-11,-28.524755661257515,6.56401614661902,-27.774066566699407,3.183967593089046
2001-04-12,-29.335049640580536,6.889245449977315,-29.444427815267133,2.955018728510412
2001-04-13,-30.728017504347964,8.085265293014455,-27.164053634779602,2.132716034497054
2001-04-14,-31.426201988891165,9.198691414780754,-27.90962329763833,1.3682802430663454
2001-04-15,-31.247137905245612,10.256817160087822,-28.34095468028714,2.3429056176744876
2001-04-16,-30.46854466458054,11.292513922850917,-25.336402949334275,3.518251368878853
2001-04-17,-31.524615780138518,12.08875434253713,-24.774042642054194,2.793040908880877
2001-04-18,-31.359919925165443,11.046017289473271,-24.633044009944623,0.5604180903042857
2001-04-19,-31.182608936360207,11.89822302047196,-24.38985570487143,0.6420157255911724
2001-04-20,-29.93805687114937,12.524375823588194,-25.18172015223938,0.062398214475003155
2001-04-21,-28.44536573690481,12.479766107062273,-25.26802024694355,-1.5048969014859819
2001-04-22,-27.273520949630708,10.883868638209362,-25.456020094317324,-0.31232898335956594
2001-04-23,-26.497346410450454,11.05955581493639,-25.994659385001366,-0.2462888308774686
2001-04-24,-26.713550958734796,10.397206326361493,-25.403639314833207,-0.8213454415973542
2001-04-25,-26.8095765505711,10.04597990062418,-25.7481394490614,-0.8454637270499736
2001-04-26,-26.62002012490109,9.313456831643945,-24.989028093899417,-3.0926680680978036
2001-04-27,-28.670621111734473,9.310365207547639,-24.883112650708107,-3.022490624849792
2001-04-28,-29.7921868789167,10.064235059958316,-25.56236717454311,-1.4500075366736247
2001-04-29,-30.646419641521792,10.175863638804419,-25.325758046569888,-1.3756573139746566
2001-04-30,-30.591489309257398,11.323988108518952,-26.083651844337496,-0.6339818153955668
2001-05-01,-31.909085999713007,11.031044047320188,-25.420967074485368,1.1502861627983123
2001-05-02,-31.32494019746335,10.042834662797258,-26.486208916531407,2.6057587346975017
2001-05-03,-32.0152717660376,10.427412588037893,-27.441200845878786,3.2278088757358674
2001-05-04,-30.784213888676607,8.726072179781907,-27.826181234624816,2.9485506425890105
2001-05-05,-30.05303361944913,8.753476409431972,-28.796964571508777,3.9253684133293882
2001-05-06,-31.222843268971513,9.368119396885023,-28.742519113648317,5.042020226153486
2001-05-07,-31.09646580368726,9.289209557362588,-28.656757583367078,5.607606382390102
2001-05-08,-32.518623924240664,8.223287187932872,-30.393499565135564,5.0201354721348235
2001-05-09,-32.60828676855221,8.251389089141439,-28.373023272464316,3.545472739896402
2001-05-10,-33.111223066059125,7.489176996911366,-28.198887618465232,4.939123984210727
2001-05-11,-34.611229849940266,8.09143870190694,-29.236748446671246,6.470629196293513
2001-05-12,-36.30760832786493,8.925762973519006,-28.74586970322763,7.933296528800341
2001-05-13,-36.08898105554638,9.031164488553681,-30.15103037797781,8.868997458461106
2001-05-14,-36.36798634784444,10.837608685911885,-30.16774209480122,8.650081980879914
2001-05-15,-37.53039438246059,10.896408583555464,-29.648066443600502,10.10773929867322
2001-05-16,-39.95782604940404,10.508582760129011,-29.787981990029554,9.030886147577533
2001-05-17,-41.11520458559634,13.08380931891852,-30.337719466654274,10.309527594250788
2001-05-18,-41.119315946073,10.3981817583616,-29.810915151190887,11.26595472736071
2001-05-19,-41.16886731908235,8.75258546028265,-30.216656294202583,11.595089051650156
2001-05-20,-39.8549375303339,7.551450792530156,-29.29979715675582,12.4673016573496
2001-05-21,-39.62939989746764,7.646592047601753,-29.68670755273783,12.804599318898637
2001-05-22,-40.58209826873602,8.246353584748075,-31.42783143688648,12.045072078592565
2001-05-23,-40.0805014377236,8.123131212676745,-32.40867299168271,12.651395408281784
2001-05-24,-39.48571980454213,6.844794892835188,-32.56746568910204,13.118292802354523
2001-05-25,-40.606221633774155,7.217439248283319,-34.288786754726864,12.779725439133387
2001-05-26,-40.48457576232574,7.863308324858064,-33.93258018874518,13.717910436272575
2001-05-27,-41.39714839950364,9.719761934519038,-33.52916903622078,15.52685527689746
2001-05-28,-40.277717160633266,9.46655289886365,-34.43506055368416,17.905836542142083
2001-05-29,-40.7443520825332,7.481989317878143,-32.70676021970758,17.435222030920478
2001-05-30,-40.928498870818494,6.999865365704228,-31.570180203894026,16.19373255460012
2001-05-31,-40.473741646022276,8.2394534776899,-30.9531319861508,14.963236985622764
2001-06-01,-40.302898630140994,7.905344480045583,-30.21259169498001,14.354402434661344
2001-06-02,-39.7998313346146,8.01295805441436,-30.356542362851318,12.942122490201863
2001-06-03,-39.70022822062188,8.25618538624078,-31.04787948184477,13.957859558722832
2001-06-04,-39.29438225939846,8.259837173203106,-30.329341447375896,14.381107135477041
2001-06-05,-39.47990290097883,8.393781214253234,-32.067450177102934,16.057712154924204
2001-06-06,-38.794949783873285,7.984522403917608,-32.12666502801704,15.335369672817677
2001-06-07,-37.68751546544536,6.686531742975696,-33.06800183556682,15.047037267844338
2001-06-08,-38.27957332853552,7.5307025455737335,-30.791364179431575,15.898985727515784
2001-06-09,-37.42216497955832,6.964937872358367,-30.85383306477491,14.88742218633671
2001-06-10,-39.37035045602105,7.619386258462686,-32.77970997159983,17.442168597011
2001-06-11,-39.852157483978374,6.826932804917432,-29.464935984943725,18.29211920261704
2001-06-12,-41.97579929085068,6.696363927193746,-27.991860282952885,17.94995698884989
2001-06-13,-41.430621511689424,6.489372838526139,-29.044842380104555,18.563304520327723
2001-06-14,-40.64762343452628,6.4301765106085,-28.98095726078895,18.58106464690459
2001-06-15,-41.20441128810285,4.195648206571697,-28.674804873498907,18.077554716718353
2001-06-16,-41.789460269759935,3.7930314098756024,-26.030001105003308,18.28958709919335
2001-06-17,-41.29999152595836,3.5989936401928535,-28.12810494830718,18.78187114360914
2001-06-18,-41.23253629724555,4.332642721663904,-28.137751125284183,17.44418244162913
2001-06-19,-41.94859844569803,4.976882311506605,-26.540349914482672,17.318869463329307
2001-06-20,-42.071197320354024,6.127140491644604,-26.529254853192263,16.7573557973104
2001-06-21,-41.28511501418169,3.8071298115067314,-26.33026514339109,15.98568055386492
2001-06-22,-42.412975613003326,4.597835096287372,-26.62343230437325,16.024460134656117
2001-06-23,-42.329034463217056,4.569393048892372,-26.450379643667084,15.609204069676494
2001-06-24,-41.323014637531045,5.909648145471916,-26.506402056663863,16.16823040911788
2001-06-25,-40.77944532460298,5.075735351744501,-25.675726975934513,16.313389082402523
2001-06-26,-41.663705678609254,4.614295604666637,-25.790969147683402,16.75668098723103
2001-06-27,-41.406744371833774,4.549623337719647,-23.846669029886677,18.14714104207138
2001-06-28,-41.83782495488971,4.86804437337534,-24.366396801402146,18.569174898606118
2001-06-29,-40.789768175070236,3.2761061743720776,-25.2245169262807,18.23302185256972
2001-06-30,-40.145500235470855,2.0902191439033238,-26.606544129462616,16.80045698301268
2001-07-01,-41.92504944649487,0.25613325217440575,-26.08814172607251,16.991039513827552
2001-07-02,-40.49772897433758,1.9698405742009946,-26.169244331403206,18.25910547420698
2001-07-03,-40.01450426740662,3.0122246422217165,-25.871711625400053,18.597840285596188
2001-07-04,-41.16486413612218,3.6634171377658435,-25.4314439844206,17.79747525213161
2001-07-05,-42.564128933168064,5.206910683556946,-24.304621513188938,16.57383338685682
2001-07-06,-42.570207716716254,6.649073498823124,-25.4426734303748,17.29924810622909
2001-07-07,-44.62206253205881,6.686089845047242,-25.451012735158727,16.142388578228893
2001-07-08,-45.40320517033616,4.713357086598062,-24.265284358388982,15.235748678190618
2001-07-09,-47.30249090084235,4.469162133540892,-24.82428565535631,17.4328007978221
2001-07-10,-46.912608721033116,4.818011898351569,-27.040055180168615,16.338153074487956
2001-07-11,-46.479907916691985,3.9200262978807747,-26.8592863931761,15.20684982393951
2001-07-12,-45.04378227615019,5.957767482066529,-27.493085657962,16.532182572431505
2001-07-13,-44.56053683513022,5.892834156260131,-28.219732748251108,17.36099150007802
2001-07-14,-43.348049358041834,5.0106577449888,-27.48939212571482,19.10607503255234
2001-07-15,-43.55372609722667,5.050358080998461,-27.42060812598823,17.70511804935389
2001-07-16,-44.13592923043148,4.918707180580368,-27.973764129036347,18.62786174853766
2001-07-17,-42.67823677168125,5.00549660360077,-29.26779394910812,18.689635249662686
2001-07-18,-42.62406659600247,4.575892232255214,-29.09376396301503,20.152496933222558
2001-07-19,-41.674120082382494,5.930547273247701,-29.780936492547525,20.463908905898883
2001-07-20,-42.39750865380507,6.911619148304787,-28.39171355687208,21.01596892793984
2001-07-21,-42.24372905602984,7.43813576118138,-30.447899933391835,21.235637576010017
2001-07-22,-42.054849844086725,7.972595463234029,-30.895903991517784,23.22963408615259
2001-07-23,-40.05911567100593,8.045318906438832,-31.345588563902695,22.98064826267047
2001-07-24,-38.81448791102805,8.491465702624604,-30.74746695116747,22.408649321327225
2001-07-25,-38.13738391929093,9.13089944808756,-31.876141043601223,21.37922023172442
2001-07-26,-39.753919974871614,9.584112825282185,-32.23800498591228,20.10469657149458
2001-07-27,-39.801357874027616,9.084125667332511,-30.22214725150257,19.814918908627977
2001-07-28,-41.944068236138826,10.149902712622453,-29.573113257802802,20.42184404707974
2001-07-29,-43.744721206918555,8.677861770185892,-29.24332520996323,22.157952976999763
2001-07-30,-45.093699136223975,10.317651209290823,-30.418206687106554,20.413316041686585
2001-07-31,-44.88363286221402,8.384601693095236,-29.844693845156204,19.323862074235816
2001-08-01,-44.143343016528625,6.519692242549943,-29.333456787879424,17.93723241663985
2001-08-02,-44.309753164701156,5.770309035318003,-28.4387644635159,17.871277019993858
2001-08-03,-44.44734853139933,5.727262880325877,-27.385615479939663,18.078694758391936
2001-08-04,-43.6699173166012,5.547320812560858,-27.18039368269785,18.994734056309603
2001-08-05,-44.345218427260676,6.286216275884785,-28.004372333516525,19.249978619659622
2001-08-06,-44.66548140353976,4.7675699531204785,-26.4671548156988,20.70364828783908
2001-08-07,-44.225493888947035,4.436578373711184,-26.618073647097106,18.623456131031244
2001-08-08,-43.851563672827986,5.360893801926393,-27.040291458039754,18.395931586015102
2001-08-09,-44.15692670180022,5.5252749266535925,-25.391323242473774,20.343429978271782
2001-08-10,-45.18403364988879,5.958384527075841,-26.646564808111386,20.686400668100944
2001-08-11,-45.25643544481259,6.236369929909398,-25.770656319661096,20.404821557570738
2001-08-12,-45.399762857987405,5.990460463002165,-26.045930777720347,19.313271319841256
2001-08-13,-42.98729137648046,6.475328718875315,-28.0001933560463,18.65066109156193
2001-08-14,-44.499065717228504,7.3535621922070575,-28.512936085047,19.507462275360986
2001-08-15,-44.784657297562724,6.754789041873491,-29.58578242171115,18.213971331236678
2001-08-16,-45.34661526767511,6.911049070510556,-29.103151018670935,17.906043845099607
2001-08-17,-46.03526702457772,6.798953348022031,-28.225767061419877,16.797786667934588
2001-08-18,-46.48499814256226,6.806093668760257,-28.47734256681407,17.16771153860524
2001-08-19,-45.422718978336334,7.796639379896325,-27.258603511709065,18.464091409992676
2001-08-20,-45.28998788612239,7.069398251109819,-26.682752138397834,16.895343638726004
2001-08-21,-44.7002825666729,8.298521994772482,-28.060277238855537,15.660029697510627
2001-08-22,-46.3042223655783,9.437601334402572,-28.030663027498292,16.87779630940342
2001-08-23,-44.92305494745454,9.368324995139746,-27.51464392140768,15.451906083470334
2001-08-24,-44.92510524158222,9.007022689806464,-28.245163255250034,16.27595147087931
2001-08-25,-43.2802648128393,8.174316095374179,-28.689520636326787,17.069497882512792
2001-08-26,-43.75061220576547,8.216510347568606,-27.61388926956165,16.506123310899117
2001-08-27,-45.17942269972037,8.546645682931278,-26.24561371640724,13.063216383733323
2001-08-28,-44.63454219999868,8.51699838228015,-25.762719993690197,14.901035423796657
2001-08-29,-45.117830461772655,10.305982603704003,-25.817591368114588,15.972956709786807
2001-08-30,-46.141029124595995,11.013152991881151,-25.686216394225976,16.220440006572836
2001-08-31,-46.4403065174428,9.578900121781038,-24.3594887250319,14.699930049909034
2001-09-01,-44.91319451950839,8.174836753365065,-22.74863579531743,14.485031503835707
2001-09-02,-44.932133920182174,8.146480455446573,-25.140265331036176,12.15085517340712
2001-09-03,-46.29621612953743,10.003008582326872,-25.127027752714294,13.18665449305792
2001-09-04,-44.97166407333323,10.869150227798809,-25.026044572167336,13.05072827419927
2001-09-05,-45.048085538332685,12.115801655673941,-26.32912859903562,13.034673415872396
2001-09-06,-45.23511405501814,12.942155895863767,-24.38004320650896,11.414350675649933
2001-09-07,-44.748572099736045,12.321507968264966,-23.52541950169046,13.245345550404027
2001-09-08,-45.23674082219504,11.45047592931038,-22.368612842445533,12.87913264384714
2001-09-09,-46.99963394503242,10.523651016951632,-23.11272622687421,13.4780986822619
2001-09-10,-45.93294502900076,11.532649431323925,-22.79826778881296,12.140106251712618
2001-09-11,-44.439317367578944,10.531495002705297,-22.113902976812724,11.347446200901809
2001-09-12,-43.871915861211384,10.033395747059586,-21.986039565557647,11.42572636243441
2001-09-13,-43.47883590110915,10.246369027380362,-19.685335303520368,11.130947070114429
2001-09-14,-42.705212908332825,10.414592230724647,-21.47971762045203,9.670213691996137
2001-09-15,-43.59732755544345,9.733751076352139,-22.929263388702655,8.553504947394167
2001-09-16,-43.63585363124333,9.209607654467705,-24.39521155169743,9.16531647399927
2001-09-17,-42.2692000588178,8.469643200862187,-24.400356432354105,8.368440046440629
2001-09-18,-44.039704463933035,7.818489589263827,-26.81496718437812,8.861929551614278
2001-09-19,-45.84615518699368,9.689549749129341,-27.368940382633,9.540721933234405
2001-09-20,-46.54508388609239,9.478657483812421,-25.785845962278678,8.08290327034192
2001-09-21,-48.46225524585462,9.306507362446172,-26.3486009167619,5.646835480727741
2001-09-22,-49.57626058992724,10.248082246382506,-25.563126081452385,6.330927124046503
2001-09-23,-49.510972830962466,10.144302608790424,-25.787503186322144,5.411449855337907
2001-09-24,-49.60958075316461,8.689397694108266,-24.538275776264392,6.14167885327774
2001-09-25,-50.76554298480073,8.44144985892678,-23.684264468951152,7.736911142317159
2001-09-26,-52.12695404827708,7.638372041897575,-25.718596759992923,8.547489007210968
2001-09-27,-50.68170015453475,8.322754934446008,-25.818661854332454,7.386717687796868
2001-09-28,-52.15288795289674,8.256836408364112,-25.23889566324575,8.912060602956444
2001-09-29,-51.587263116241495,7.963470421499153,-25.711650065515485,7.956243645009282
2001-09-30,-51.57397512153486,9.823101529899015,-27.892503091473284,8.25538187388282
2001-10-01,-51.640656860156206,8.991665049931544,-29.016463608873625,6.264015479892605
2001-10-02,-52.51649599213646,10.078520310473294,-28.555437464880203,6.125534601026189
2001-10-03,-52.01238449708925,9.067326659144523,-27.45047611470894,7.492043266427951
2001-10-04,-52.29133033973435,8.361857534710266,-28.972658654812616,7.826154052872731
2001-10-05,-52.491421398731774,10.769933906327015,-28.454666149871883,5.973252434944973
2001-10-06,-50.743897403638,10.859044669079836,-28.268688920020967,7.24626568791993
2001-10-07,-49.287189617464236,10.4067193804376,-27.05100470035415,8.634274922364213
2001-10-08,-49.335887391521524,11.724971676920457,-26.792279868177353,6.431566742645277
2001-10-09,-49.571715671690086,10.644942448099854,-27.925647572658658,7.148361886539031
2001-10-10,-48.00802571347132,11.26658721623433,-29.836295802301947,6.309150963724001
2001-10-11,-48.344990128415866,11.248014910233314,-27.755709564045937,6.360199935636264
2001-10-12,-47.57588179350319,10.061721461315603,-29.442463172468443,5.263989238139923
2001-10-13,-47.77137106083768,8.650060913655224,-29.63861405823445,2.818090274913041
2001-10-14,-48.75176442744185,8.253960435556301,-28.843448509787983,2.1174181582106346
2001-10-15,-48.845254870165704,7.674752077552652,-28.508353092087653,0.7687267609621744
2001-10-16,-51.52836376376753,7.338467277216228,-27.92757231522875,1.6890587496659215
2001-10-17,-53.32623984672873,5.64463968409185,-28.64294841770225,0.5619830565329158
2001-10-18,-53.35678115970157,5.444811407343509,-27.973216894850246,0.7152870015308781
2001-10-19,-53.20487083659799,5.702666552095299,-29.096024318902014,0.543544139417811
2001-10-20,-53.37580842412186,5.74800691621251,-29.11974503200751,1.6455807474718962
2001-10-21,-54.168710828184985,5.2882933676828054,-27.51499615981403,2.2162515739293602
2001-10-22,-53.617784470127916,3.7034215912232833,-27.999479715526828,2.805826549073948
2001-10-23,-53.00765514812099,3.0325465309621604,-28.433626851744055,2.2116606502116287
2001-10-24,-53.71134164614656,3.1076272953883826,-27.16536504217136,1.7236639513017122
2001-10-25,-52.24723175490679,3.2870570926013,-25.06787284269327,2.2024199048861104
2001-10-26,-51.38600733032954,1.1376988300284285,-26.820344529413365,2.6657301067208445
2001-10-27,-52.030560385340415,-1.1906569766811161,-27.94966795777099,2.993358848277979
2001-10-28,-50.26060775908403,-1.9497121470729515,-25.929781444341327,4.773676994721598
2001-10-29,-51.18518933477965,-1.9929428668145228,-24.75253478869812,3.6163851315372324
2001-10-30,-52.11963374639411,-3.3893556357322203,-23.920137648937413,3.6083087179540154
2001-10-31,-51.795886050204516,-2.482267219574101,-23.32734971637846,3.531413184323555
2001-11-01,-51.730056732832914,-3.072226124316401,-25.583365893617934,4.050248656230802
2001-11-02,-50.842564455552775,-4.591370108168871,-26.35562877278661,1.3339104083883462
2001-11-03,-52.823896067511,-6.623035724762834,-25.56647144190588,2.8650312573952075
2001-11-04,-52.279508877271645,-6.442858424135486,-25.919882570556393,3.1564862634423703
2001-11-05,-53.0524811031079,-6.936407142274492,-25.965882309222312,3.766685606128728
2001-11-06,-53.21252526049641,-7.546209754276695,-25.56780277320031,4.949673503968911
2001-11-07,-53.761604959136804,-8.493557086685826,-24.18737819178275,4.030977970969162
2001-11-08,-53.57545391837155,-10.27527667050151,-25.82105108956302,5.359923247363422
2001-11-09,-53.35628263177275,-9.9534391306559,-25.677414803944462,6.804375645389157
2001-11-10,-53.169401808726626,-8.721399431293705,-26.36614165738466,7.235867226818528
2001-11-11,-52.618427035033164,-10.474077137116451,-25.58702697510945,6.862640410068322
2001-11-12,-52.342032340756326,-9.13071842859958,-25.66993539602262,6.663577741088788
2001-11-13,-49.882736031361986,-8.864808489840016,-26.350231280645453,5.6463455115803995
2001-11-14,-48.60217403123985,-9.510992118586431,-26.178019521983156,4.993740634426729
2001-11-15,-49.987020746543024,-9.313740213693723,-27.01024396445717,5.073131670412159
2001-11-16,-51.82594712746416,-8.484354293914945,-28.621814282071455,5.093754858210232
2001-11-17,-51.30448319267818,-8.32136825270216,-28.9487973791404,6.026238633853975
2001-11-18,-50.95119817544801,-8.66767952772712,-29.622982468851255,5.528665828409166
2001-11-19,-50.150308584227034,-8.747583985863752,-30.917690728801016,5.853242022942119
2001-11-20,-50.429701094513575,-9.204072190681684,-29.78005065487397,8.287644684803306
2001-11-21,-50.08585859509147,-11.254363908822468,-30.516381634647114,7.999717232284869
2001-11-22,-49.5812955892149,-10.362170304957683,-30.54708249323035,8.149943218842568
2001-11-23,-48.790944147329036,-10.075894045875252,-28.534201673306193,8.041521043846089
2001-11-24,-49.84348424311847,-10.566079730374103,-26.75595313619325,6.974036932216882
2001-11-25,-50.184859860482895,-11.491797324635682,-25.852637527263685,7.406706464976404
2001-11-26,-49.5583729653102,-9.852532667911918,-26.664252807609024,7.403611722520012
2001-11-27,-50.058850260727226,-10.680906861607266,-26.373102936468634,6.195302331569095
2001-11-28,-48.52139899894192,-11.14468819495673,-25.428860098976504,7.035808954878798
2001-11-29,-47.72385797561124,-10.993003893808217,-24.89468893332993,6.179009545535672
2001-11-30,-47.48861116371598,-12.12111596898753,-25.472762412046503,5.4653386976490275
2001-12-01,-48.044860992450744,-10.912238232876163,-24.815302507438645,5.948304672131562
2001-12-02,-48.28700604528741,-10.05807109399815,-24.212782522400573,7.031847393618362
2001-12-03,-48.78651164473566,-9.885449358761553,-24.253874876826604,7.823722103984271
2001-12-04,-47.99969505973497,-8.318258756480423,-24.895631997944808,8.127435504800637
2001-12-05,-48.036499466491236,-9.801589482338054,-24.4395875208317,9.035244172061978
2001-12-06,-47.82135402794555,-9.240246081237071,-23.594993820715686,11.056425194668241
2001-12-07,-48.433662148881886,-10.4052177077826,-25.08809849282015,9.773129090522207
2001-12-08,-50.0407346933203,-10.406129898832832,-23.39326301973639,9.352573516092626
2001-12-09,-48.74045705846814,-11.177641359701534,-23.4429184093441,6.67437537917553
2001-12-10,-48.05391898653338,-11.298674117347842,-23.983990232889305,8.102229387107982
2001-12-11,-46.37282613822551,-11.831136432305053,-22.402093448948715,6.548891163117451
2001-12-12,-45.68297125432013,-11.065086459784514,-21.838583878288905,6.480535363194663
2001-12-13,-45.30687553204054,-11.061215681666772,-22.905244285460387,6.633407840687649
2001-12-14,-43.9558845745817,-9.320429261942552,-23.22448741762537,7.088371846887242
2001-12-15,-43.44461357473159,-8.930179873134625,-22.687368956171913,7.995175047568583
2001-12-16,-42.799167725940805,-8.54839611999251,-21.792629210202488,6.937020915121616
2001-12-17,-40.9415034005451,-8.533725985204105,-22.852321828385644,6.382593628115269
2001-12-18,-41.618669729485596,-9.56478253366957,-22.610644666736537,6.004940439904395
2001-12-19,-40.58476653687518,-9.817646352454494,-23.765083442670964,4.432640784096401
2001-12-20,-40.59689716963226,-11.444495584826235,-24.229925533006476,5.347857581451007
2001-12-21,-39.952234477560744,-12.704899858988394,-25.46542112108516,4.216979153278106
2001-12-22,-40.195092679703954,-11.670986853254595,-25.96746115664735,3.201307529646444
2001-12-23,-38.91043199534804,-12.63048846714018,-28.65439527473388,3.050293475859196
2001-12-24,-39.61549449966296,-12.948164774686978,-29.524344496554225,2.1466774158793807
2001-12-25,-38.08822999190393,-14.255387665590707,-31.441581902607396,0.6379846256891026
2001-12-26,-39.170996355376495,-13.140168381260041,-32.25360229714429,-0.6905951386786695
2001-12-27,-39.98140116321935,-13.163830499474324,-31.920649261154775,-1.91406680122912
2001-12-28,-40.30182838235712,-14.246720556242419,-32.29183743625146,-3.33946510819683
2001-12-29,-39.71038506025786,-13.38654833136347,-31.92676695665729,-4.012403803805245
2001-12-30,-37.89104219091584,-13.000389483488254,-31.56018993623814,-4.212747514095426
2001-12-31,-36.86624654336069,-14.512977798763194,-32.644640871284096,-4.439573309975739
2002-01-01,-37.31921125006134,-15.768674645253734,-32.99255268947985,-2.5181528236129145
2002-01-02,-36.967651345842086,-15.626235108380477,-34.036243441863604,-2.1326720255527922
2002-01-03,-36.73474568634622,-15.001863409417982,-33.58542230059463,-2.9946514206285184
2002-01-04,-37.270491198146274,-14.972686507124925,-33.61653960541473,-2.572556080487979
2002-01-05,-37.44187602877814,-17.13597862507725,-33.57036911048399,-1.4526214641600466
2002-01-06,-37.96361624529814,-17.19914908680527,-33.034231496521734,-0.997553304811555
2002-01-07,-37.97040834904745,-17.057151725034476,-33.75702664535937,-0.0009768300283198306
2002-01-08,-39.337559524282725,-16.66482167105911,-34.450059505745976,-1.9782360255599345
2002-01-09,-41.20088474620212,-17.142589104438255,-34.83948997618614,-0.2824580315662766
2002-01-10,-40.286025750016854,-16.415654182542198,-34.70465815222388,1.4459897838673397
2002-01-11,-41.38562292174943,-17.231692967298354,-34.61705457214261,1.6569365703772352
2002-01-12,-41.98938270617964,-17.792055885774182,-35.33636563773066,2.0521856869084045
2002-01-13,-42.150576335511886,-16.275917918823517,-35.01258395447697,3.1692048346617945
2002-01-14,-42.61267874186442,-18.515568660503675,-33.6003166635975,3.4386522533144275
2002-01-15,-44.64198950507779,-18.280430424129218,-34.915003947528426,3.5136904878764517
2002-01-16,-44.32621560792593,-17.806846475715165,-36.06186837916516,3.6679628170872096
2002-01-17,-45.37646668479901,-18.264744770932996,-34.720065746548855,4.763101988202095
2002-01-18,-45.91273966621711,-18.8661402888569,-34.86788227956389,5.557896299770115
2002-01-19,-45.46871225377071,-20.777766251607865,-34.238469701560554,5.077356275546346
2002-01-20,-45.87698738843147,-20.63273630039113,-34.58934912989055,4.620341428574635
2002-01-21,-45.73770410867635,-21.5534708350829,-34.29790726721289,5.012100523077198
2002-01-22,-46.00180565800587,-19.340050838994173,-33.80239121570753,6.330190215854879
2002-01-23,-45.130011643864805,-19.205434541148318,-35.12778303451765,6.806986584413136
2002-01-24,-45.42302811998809,-18.43066308287605,-35.645894713297785,7.416212205042468
2002-01-25,-44.750248381043455,-18.771040250585095,-36.522847491727354,8.554545430328437
2002-01-26,-45.6171138185889,-19.428693053208736,-35.54171641496985,6.733166483689661
2002-01-27,-45.33420851951119,-20.871804699177996,-36.27944387379498,6.4121102634313
2002-01-28,-46.223523842908186,-20.97963263449857,-35.74190511287527,7.138038816920583
2002-01-29,-46.776492733152494,-21.10462802036069,-36.223206419086374,5.448827062023245
2002-01-30,-45.717745427065594,-19.7006231108313,-36.53314545762656,4.495103929226724
2002-01-31,-44.595376231361975,-19.91399943912102,-38.34089030559301,4.555460691668817
2002-02-01,-44.10256977488176,-19.24739914316918,-37.45630740290252,5.343073190471556
2002-02-02,-45.20840904648844,-20.065516447768022,-36.08292834238666,5.273821864901042
2002-02-03,-46.44212139372402,-22.60251928287193,-35.11975798485629,4.556193288208857
2002-02-04,-46.41277916999751,-23.2425793437993,-34.05694779661584,3.687740248042681
2002-02-05,-47.336082886690626,-23.366656453071354,-33.85237659505492,4.018292869835652
2002-02-06,-46.97706802730987,-22.538768518391123,-33.610025862627744,3.5870327497490684
2002-02-07,-46.32068554344277,-23.767749223504868,-34.297252880077004,4.450134089864839
2002-02-08,-46.81761427132002,-24.163879020827057,-33.95426501126415,6.1993120714645435
2002-02-09,-46.6482796474316,-24.19938767078474,-36.73078822906388,6.395076212443439
2002-02-10,-45.83146024051887,-26.075961753109215,-34.25787987379547,6.095273154074135
2002-02-11,-45.557692482822716,-24.811897565143106,-36.07953208543894,6.866153977556051
2002-02-12,-45.506179991806626,-24.18831306153365,-37.636465468174315,7.1346727625389
2002-02-13,-44.35055035034616,-24.841267485737063,-37.85071780749171,5.963469022382437
2002-02-14,-42.08672458755322,-25.707638817513804,-37.217525658430965,5.672845486700325
2002-02-15,-41.5865665765186,-26.712380032432833,-38.64207771383851,6.3356218214663205
2002-02-16,-40.539460308271686,-27.01640850507887,-38.40757469776123,4.355002562407492
2002-02-17,-38.25459490144446,-26.075914598221953,-38.99584638506777,5.078775905016274
2002-02-18,-37.63097236782558,-26.41279918266302,-39.31607137502121,4.1278435714759665
2002-02-19,-37.96502435057133,-26.019945554531027,-40.250855464259985,3.1266791315898645
2002-02-20,-37.001114242363435,-26.013083790267597,-40.22802255004225,3.3457812210522193
2002-02-21,-37.85878706895845,-25.985461681025456,-40.25660028931826,3.6108774560405843
2002-02-22,-36.73561358620074,-26.058515400415153,-41.96054242744743,4.419054933628499
2002-02-23,-37.69905831953397,-26.370443091987347,-42.92301709559399,3.551748542852356
2002-02-24,-37.99295545865063,-24.628431700971586,-43.84200217737003,4.331674896675807
2002-02-25,-37.53737986127581,-24.851252602437604,-41.64849561815388,5.259816896676276
2002-02-26,-37.517035414838055,-23.94947618331342,-41.31020574348647,3.330015279970169
2002-02-27,-37.81637540102103,-23.93873160958786,-40.74995740969554,2.7079187024764977
2002-02-28,-38.22519234262452,-23.45496346112434,-40.52258480908181,2.813415172647436
2002-03-01,-37.64665721919843,-22.039188794142856,-40.93907828361765,2.077483577955901
2002-03-02,-38.68014069850895,-21.84111474642327,-41.62655728519399,2.3378418607408893
2002-03-03,-37.92120579230742,-21.141372363496867,-42.791701818062386,1.9029671748527774
2002-03-04,-38.993295792611285,-19.40732423314786,-43.409057568839934,1.705268656226466
2002-03-05,-40.7573340551579,-20.479324763156573,-44.823973134422225,2.141575598564213
2002-03-06,-43.04300954592053,-21.412311003804373,-43.70096850793089,2.726731015595988
2002-03-07,-41.72880149013623,-22.11192297681797,-43.31896983058417,3.13059782154389
2002-03-08,-40.64209769753115,-23.15828195198854,-41.61098908275655,3.8554002376706547
2002-03-09,-40.880865619720325,-23.086606976491957,-40.95012454354701,4.028380786198636
2002-03-10,-41.765998267962416,-23.015588383863154,-42.848357857325325,4.462976483366489
2002-03-11,-40.80960533377532,-22.234227626152297,-44.4197504426317,4.4911552282219
2002-03-12,-40.52649767674428,-24.41957612444873,-45.97334208551979,3.6933950774091517
2002-03-13,-40.565191202045376,-23.5921940343157,-48.49998372984477,5.0152737768535145
2002-03-14,-39.3689769499981,-23.74278181300638,-48.72218795031522,3.7300932361101014
2002-03-15,-40.655507948297945,-23.41519923901685,-49.17548947216798,2.962728718859316
2002-03-16,-40.00462093064715,-23.071994721844952,-50.14673977623613,2.5479020873531257
2002-03-17,-38.85826339100381,-23.902633702218232,-51.6796482268163,1.865330236663013
2002-03-18,-38.69909876391895,-24.926380031820727,-50.57530889826795,2.060860364926212
2002-03-19,-38.2526287675406,-22.66276890324954,-51.523877279055306,2.1512603101676175
2002-03-20,-38.49825306265868,-22.57297797307974,-51.429333374046244,2.9854404316485867
2002-03-21,-39.783363562179325,-20.85955263509057,-51.00092334158704,2.6330056029083386
2002-03-22,-39.98069109244119,-18.910004043527852,-50.453834703683945,2.5174964191065636
2002-03-23,-40.27530751424386,-18.356050286110275,-50.81295456008796,0.8706255578754403
2002-03-24,-40.68007569817768,-18.34953195661646,-51.36154951977565,2.5165579188561766
2002-03-25,-41.10085867635556,-19.117964000057675,-50.22776083913144,3.067537995859507
2002-03-26,-40.72070066227519,-18.431686578954974,-51.6283066554507,1.3568589255115515
2002-03-27,-41.68637080896571,-18.453619967232374,-53.20539671249374,0.4898656579620999
2002-03-28,-40.54357380837281,-17.92339700603107,-55.23715398787154,0.196360037921673
2002-03-29,-40.78952307647302,-17.132571198781374,-54.983090013129875,0.6974720290778399
2002-03-30,-40.790498061106895,-16.80361917946071,-56.20806849929265,1.4520022262115382
2002-03-31,-41.2749848085679,-19.089042040245353,-55.41446879886897,0.053768788142733115
2002-04-01,-40.57351286342109,-18.731203776652546,-55.07729498369928,0.5329911318445888
2002-04-02,-40.22054024243614,-16.813167867849508,-54.30205791660937,1.9388129537855119
2002-04-03,-41.30150884276775,-18.712617790054427,-55.00864385714315,1.1895772719526527
2002-04-04,-39.65985655708087,-19.323100627469806,-55.23353098017727,2.55338554174436
2002-04-05,-41.298716309215074,-18.769209664749894,-54.8600119969168,3.642094938683802
2002-04-06,-40.8060533475254,-18.190863810103224,-53.93525033873217,4.839291213784008
2002-04-07,-42.29527342997553,-17.42858934410045,-55.1675929547426,4.7366649970724195
2002-04-08,-42.248140786305655,-17.411383189742978,-55.34452113147452,6.051230046743546
2002-04-09,-41.26598663503338,-18.246010507378596,-55.524057404333284,5.281784607477484
2002-04-10,-41.77332043490912,-19.7445084137189,-56.3147447606768,5.365421050633348
2002-04-11,-40.3255758898681,-19.348937872351325,-57.77027726485328,3.883477394168867
2002-04-12,-39.94424706776024,-17.747917051797472,-57.85885376646171,5.194890656594763
2002-04-13,-40.71312103290669,-17.239451797405714,-58.059121328854054,5.263703157882233
2002-04-14,-41.21279233691033,-17.199029082344122,-57.8613850644676,4.319716763523975
2002-04-15,-43.304716757201405,-16.362081699202868,-56.47088608952202,6.301348158130741
2002-04-16,-42.76763170324565,-16.13262196839207,-55.265725421944985,5.814921807214551
2002-04-17,-42.94007397381777,-17.85287952343999,-55.41338951090804,5.2748912770669785
2002-04-18,-43.76987746091507,-18.203385917785887,-54.609712060912926,4.672846399970426
2002-04-19,-43.42280108545764,-17.15326033651218,-55.14935166558849,3.3675504571916584
2002-04-20,-42.40436241765929,-16.75315386769075,-56.34489019386556,4.8528193568307145
2002-04-21,-42.4024057519432,-15.72293583615565,-57.83542401473188,5.155336516214475
2002-04-22,-40.79591255178778,-13.49384492696083,-56.992688104205754,6.581824160245779
2002-04-23,-39.4488151027186,-12.451114926130678,-56.23956325991245,6.899620680849967
2002-04-24,-39.83522483654322,-14.326464612271836,-56.66483154421296,6.846609303338296
2002-04-25,-40.109248738617616,-13.383226671803662,-57.124933973254606,6.286435201330172
2002-04-26,-41.42383229167556,-13.899151930316261,-54.54256213857469,7.927380106918394
2002-04-27,-42.11223253839537,-14.277931372823515,-55.001660431458994,7.573131443407744
2002-04-28,-42.18443692267489,-15.370122340793674,-54.836324540401,8.090059099404742
2002-04-29,-42.56778859055212,-15.81067905836019,-55.408458349737266,7.732396642104925
2002-04-30,-42.46709206558963,-16.24377219757894,-55.63990701531992,8.227472738356576
2002-05-01,-40.85873194801767,-15.35712941573323,-54.42653128223694,7.342824429512313
2002-05-02,-40.63060692181695,-13.990795216707419,-54.448873171572274,8.193397430388005
2002-05-03,-41.863349787866724,-15.658192409464018,-51.53554125497322,9.521588239065009
2002-05-04,-41.46362579130173,-16.908703039761605,-50.880001304704045,8.32924090770366
2002-05-05,-41.939160236333485,-17.26881496497934,-51.09136664040256,9.02149307153079
2002-05-06,-43.11855608241062,-16.590195630707314,-51.91890629315789,9.818195837301168
2002-05-07,-43.651003797587876,-17.98684052485101,-52.47067528281308,10.260033246837942
2002-05-08,-42.6113596065298,-19.77710473889184,-51.54566417350007,10.736240299012863
2002-05-09,-41.547318438264114,-19.038837374919527,-49.79937402982054,10.5544053516834
2002-05-10,-41.19652879991041,-18.394027515779133,-49.61985760352682,11.002158141938297
2002-05-11,-40.452874047116225,-18.528869318505656,-48.1122624646275,12.829554558508281
2002-05-12,-41.833776799014956,-18.682897936425956,-49.535509315416014,12.570098964672969
2002-05-13,-43.49001798895023,-18.856575057507104,-49.474363975433626,11.821620310842617
2002-05-14,-45.17047489077255,-18.08690501362281,-49.987329557610934,11.665521681621149
2002-05-15,-45.20096144495396,-16.975840259311735,-48.433734894985975,12.99554957547551
2002-05-16,-45.66026147257942,-17.958470355080333,-50.12823403065253,11.914171625078225
2002-05-17,-45.82577112282195,-18.492799067684025,-48.974930268086716,12.857385688348458
2002-05-18,-46.20005007578225,-18.4621905266824,-48.457377911471326,15.288655906449222
2002-05-19,-45.197300289593464,-18.512852422474193,-50.14699853810496,14.15948070208165
2002-05-20,-45.20950845113679,-18.679514179046446,-49.96896163407964,11.76443305146373
2002-05-21,-46.635210736235216,-20.145017992570054,-49.95348377041404,11.022843721116024
2002-05-22,-46.4810289851129,-21.087871549266787,-49.29422017072541,12.273985902826661
2002-05-23,-46.34783158485648,-21.01975910656559,-49.56330646416718,12.890823322852148
2002-05-24,-48.493246793474356,-20.286985383962563,-48.62179200796141,13.295948405766579
2002-05-25,-48.05709258720815,-20.687449096679554,-48.86116352007622,14.41012063741856
2002-05-26,-49.05274176787971,-21.64731174644232,-49.97583177578281,16.42135148422643
2002-05-27,-49.178896763146334,-21.42078179808208,-50.057005422074674,17.5603998049082
2002-05-28,-49.68755292149441,-21.287130583971443,-50.66615000413044,17.968811436976548
2002-05-29,-47.56155989003693,-21.910928448053806,-50.245925531921756,18.80232504369145
2002-05-30,-49.95641803917849,-22.94144067201455,-50.95264158701242,16.90233957772686
2002-05-31,-49.873746216500955,-24.17151739076831,-51.63147992489295,17.425624486134733
2002-06-01,-48.69025754503264,-22.676800498972657,-53.69594315701797,17.901208942159553
2002-06-02,-47.80118848044759,-22.834188230162365,-53.76099864292317,16.322252296463617
2002-06-03,-46.92750153297612,-20.574148570024423,-53.50752825752791,15.845571607226038
2002-06-04,-46.49325107272735,-22.466608964741628,-53.494856084505656,14.660247024600434
2002-06-05,-45.5352264103676,-22.168267117393835,-53.793874281386,15.955757995484444
2002-06-06,-45.11847565650765,-22.00194313523856,-53.828183350344275,16.641364523170115
2002-06-07,-45.21713041819641,-22.445184901079177,-55.42298901979326,16.245996015140097
2002-06-08,-42.518653805505416,-21.96387570111027,-55.79476600392535,15.472409835130291
2002-06-09,-42.641242450114675,-21.002368553601425,-55.17678599470838,16.81379309578615
2002-06-10,-43.72353785282828,-22.62873290657182,-54.56732784649392,16.433424441922558
2002-06-11,-42.743864679706576,-22.383017910651105,-54.6828731726646,15.19164555963981
2002-06-12,-44.171321113817456,-22.493780417314447,-55.04443302484432,14.611035849317815
2002-06-13,-44.54807386497054,-22.383669102284287,-54.04301977960559,13.64399680857936
2002-06-14,-44.727977070987805,-23.353316498091818,-53.168615606416665,12.356524679501051
2002-06-15,-44.906654254343096,-23.014427282565375,-52.71715148925256,11.936110377788387
2002-06-16,-44.920188036093215,-24.561796981580663,-53.89198563263344,12.312812600375642
2002-06-17,-44.09334305565011,-24.602389936924077,-52.91007577525151,12.994234722999975
2002-06-18,-44.38821218443202,-24.88593128402513,-52.9345792706481,12.328009017964876
2002-06-19,-45.602886900467,-25.43494410737618,-53.15355474147403,12.428488507712178
2002-06-20,-45.88544016414826,-25.726995834229566,-54.31390711336199,14.41985555885678
2002-06-21,-45.87845504078395,-25.236236556781783,-55.77126414337086,14.904437930732012
2002-06-22,-48.23850719531009,-25.711570597892727,-54.79090234625251,14.11963157377318
2002-06-23,-47.5104483356374,-25.25803634855114,-55.68476622856616,12.31478033040719
2002-06-24,-47.14325184060231,-24.676990578291026,-55.6784661597146,14.645255027343147
2002-06-25,-47.07692224127367,-25.16062237691843,-57.36927773521415,14.250312024687357
2002-06-26,-47.23074504865971,-26.357891560606973,-58.032676203256074,12.490192370469833
2002-06-27,-47.67364193326219,-26.93161006932878,-57.11158338913919,12.822621010405607
2002-06-28,-48.765165764676354,-28.01791484465061,-58.36572446616943,11.917499675601507
2002-06-29,-48.71008158510021,-28.464976818473726,-55.94465038214788,11.909745133614706
2002-06-30,-49.65174654978109,-28.235795823480146,-56.24937098685075,10.734246486608024
2002-07-01,-49.24198285390496,-28.757654781560365,-56.574640172685235,11.241556915948582
2002-07-02,-49.989749604833676,-28.04935449026874,-55.74920677671578,11.02445284186826
2002-07-03,-49.86589744766478,-28.929380698012313,-55.53719752632461,10.216157134794841
2002-07-04,-50.95865217352538,-27.515852884763394,-56.12393294393863,9.545576765487231
2002-07-05,-49.961566958239324,-26.64994425382586,-53.8172102172678,9.362811845239047
2002-07-06,-50.15861476181353,-25.97198701331708,-56.057957794849585,8.70166977187364
2002-07-07,-50.95543054068396,-24.890863795055115,-57.3193121916493,9.536822017187662
2002-07-08,-50.36024404128854,-25.079350160881226,-57.84145791820986,9.612082334075142
2002-07-09,-51.122168449818965,-23.7175877045654,-57.77836447699472,10.727760475782688
2002-07-10,-49.78550142182987,-22.818877409127793,-58.190722656169875,11.119693090082484
2002-07-11,-48.33701910625757,-23.353042262575986,-56.48417511012773,10.489273802631741
2002-07-12,-47.847285381863614,-23.346384964134025,-57.00984436256174,10.565693226613833
2002-07-13,-47.41546519768911,-21.975704160835882,-57.50084687624448,12.351687089579917
2002-07-14,-46.55756641245122,-22.37885492065664,-58.887478004869145,12.427944657926684
2002-07-15,-46.99596911692894,-21.91908844963603,-58.179866687489124,12.169565277927974
2002-07-16,-47.08694573658943,-20.006628942105017,-59.72662245049754,11.31628428756113
2002-07-17,-47.486409033470885,-20.047107597263025,-59.18714354793061,11.531135961936327
2002-07-18,-47.84251632839753,-20.455256202114025,-58.556317016890546,11.622247260372921
2002-07-19,-47.39532373590329,-20.427010338533233,-59.06882503702635,12.590174329740872
2002-07-20,-47.82572431029658,-21.61169279325291,-60.14497445133449,12.399816638798377
2002-07-21,-47.94953197206168,-21.47029011315904,-60.146071222088324,12.000719537284391
2002-07-22,-48.761884620076096,-22.193663353300042,-60.303348361082286,11.752332556422076
2002-07-23,-48.93668049434817,-19.55564630385013,-60.15741098677058,11.789122135968443
2002-07-24,-49.004669419089865,-19.02782757439507,-60.50681989042913,11.09733395980978
2002-07-25,-48.40344165139668,-19.12126976746277,-59.850324699439554,12.33511361910675
2002-07-26,-50.16225607155309,-19.883990221154466,-58.98657340231019,12.931455441938489
2002-07-27,-51.47497886912306,-18.5602016276138,-59.41226009993945,13.20889226792105
2002-07-28,-53.91888292836114,-19.03260260980161,-59.114343854112064,13.895052460694306
2002-07-29,-52.99307752530379,-19.681527009150734,-58.81586295627613,14.345477632689711
2002-07-30,-51.8106511126006,-17.74705311585685,-59.95605702329457,13.257681942630594
2002-07-31,-52.85398852288272,-18.32322846416664,-60.539364367717575,14.14983254327028
2002-08-01,-52.34271318213683,-17.59854795870488,-58.49479164105778,13.769572058274546
2002-08-02,-51.86287182992236,-16.302007413378732,-58.207940305908224,13.225192680170904
2002-08-03,-51.59162019447326,-15.528660600882821,-57.4026782329731,11.63422940379749
2002-08-04,-52.213503378343844,-16.74685551058825,-55.92540161508887,11.583227287691278
2002-08-05,-52.51181183399973,-17.59472766786699,-55.127914714743774,10.026954764838056
2002-08-06,-51.739953565667584,-17.64231160950943,-54.94777377217191,9.305114707320893
2002-08-07,-51.82289692956148,-17.03430749320838,-57.40089146653332,8.031714845323243
2002-08-08,-51.63062757518904,-15.776362645673283,-58.58821410953378,8.834702555238854
2002-08-09,-52.235851663977606,-16.63936050210217,-58.00544660439514,9.704663240253623
2002-08-10,-51.32847443477807,-17.044223746326722,-58.05690300704173,11.000994762274846
2002-08-11,-53.32483243300183,-15.224283592065358,-58.8614371366787,10.038921865643404
2002-08-12,-55.037887976866635,-14.223347403445366,-58.40070179588657,9.341457675797344
2002-08-13,-54.81894986951522,-14.902326781819257,-57.85177300867729,8.137800902390879
2002-08-14,-55.661500672698836,-13.706199317919278,-58.504335138571776,8.875483649603584
2002-08-15,-56.54102326089809,-13.16893060064456,-59.531536585531995,8.998927598184544
2002-08-16,-57.44399430658812,-13.578715783152703,-59.344627869724754,7.982046616585617
2002-08-17,-57.70878086763414,-14.357522148338596,-58.31352355954146,8.604294491455677
2002-08-18,-55.95849725483715,-15.071560574800806,-58.5844094392083,8.377472841312946
2002-08-19,-56.45076437683883,-14.444076639752879,-59.984320213816694,8.204934560808503
2002-08-20,-58.806003854982265,-14.399772244034823,-60.45063283799972,6.996970389590259
2002-08-21,-57.77773304101516,-14.696725505226148,-61.27893150048993,7.599727331884382
2002-08-22,-55.94052417376354,-14.168252547764851,-59.86202339479714,7.64303957978802
2002-08-23,-55.24963284533445,-13.970742542785795,-61.172467320342996,7.252478348533916
2002-08-24,-54.6059836729248,-13.176427031265035,-59.43383564442983,6.9612970552173525
2002-08-25,-55.6895983289156,-11.34211473603368,-57.158775389359135,6.806717567039429
2002-08-26,-57.83421024661465,-10.89207819789622,-57.476490215663944,6.6585569484216265
2002-08-27,-58.1228869099477,-12.185631385958812,-57.02220599687704,7.038375091202609
2002-08-28,-58.61791295839896,-12.312532567104533,-58.66761873621064,6.759715932633149
2002-08-29,-57.863525985001225,-14.446665765860068,-60.244211489237244,6.908910631021703
2002-08-30,-58.00344765437638,-15.071587343308675,-61.05943466857305,7.626032911134772
2002-08-31,-56.832751004164585,-12.814609894422537,-62.04820059421549,8.200247277178374
2002-09-01,-57.11263723270188,-10.877610103197942,-61.917957184914975,7.025053905817844
2002-09-02,-58.4961530244055,-10.14454722798386,-61.96279906836831,8.601941847296198
2002-09-03,-60.02696801744902,-9.936286312742443,-61.74524647741963,9.803382298182736
2002-09-04,-59.51870956477403,-11.017090760379741,-61.21822230001521,8.792873528573638
2002-09-05,-60.00625939904147,-11.17656267807887,-61.74605927445011,7.729280636304673
2002-09-06,-62.18507361214236,-10.026838041292667,-62.84411017233127,6.493827203861434
2002-09-07,-62.07460206828697,-9.786972903091044,-62.749222973042876,7.288235024255466
2002-09-08,-60.88318842231829,-9.226868103709721,-63.07604874038359,8.572198191954422
2002-09-09,-59.140117890442504,-9.808254857708475,-63.3405699940557,8.20612138227345
2002-09-10,-59.6038966896409,-10.118716883920461,-63.507226853496185,8.465972765506615
2002-09-11,-59.270956754861366,-10.973969695616804,-61.963215590932336,9.43361233231771
2002-09-12,-60.015308826154346,-11.960997293338936,-61.72096852284344,7.899116689018971
2002-09-13,-59.14413551962159,-11.43982464964611,-61.41919693908325,7.2402168157954625
2002-09-14,-58.93893139169631,-12.58445853797491,-61.722719516824725,6.2763012452701314
2002-09-15,-58.03815926413379,-11.752272933228657,-60.687675754351076,8.353355482612173
2002-09-16,-57.60123906983498,-12.122485010883217,-61.36708578230024,8.612070195457946
2002-09-17,-55.40521681956798,-13.303701609233194,-59.93665666656038,8.125023530478197
2002-09-18,-53.60628607185204,-13.921065854630259,-59.53875489459242,7.957591558307309
2002-09-19,-52.423934122936444,-14.225683667997572,-58.11231256921239,8.793749821120539
2002-09-20,-51.15645202463779,-15.835585258827468,-56.451451655837026,9.342548179396179
2002-09-21,-50.91736423223411,-14.978191171420102,-56.66393064070321,9.359790178301353
2002-09-22,-48.98346080451075,-17.007598076304006,-56.243697087912444,8.39746758223142
2002-09-23,-48.80717227665115,-17.36534110256723,-56.89031482343167,8.242414696104234
2002-09-24,-49.649868001755266,-17.38382367670648,-57.16117763312938,10.73872042683465
2002-09-25,-50.34000018120144,-17.29074836370957,-55.203645537847315,11.259257122228428
2002-09-26,-49.82489221430519,-18.17128878014119,-55.53114785328991,10.990453970615105
